<?xml version='1.0' encoding='UTF-8'?>
<dominios>
<dominio><nomedominio>amazon.com</nomedominio> <empresa>Amazon Technologies, Inc.</empresa> <pais>UNITED STATES</pais> <codPais>US</codPais> <codigopostal>89507</codigopostal> <emailregisto>hostmaster@amazon.com</emailregisto> <datacreated>31-10-1994</datacreated> <dataexpires>30-10-2024</dataexpires> <emailcontacto>hostmaster@amazon.com</emailcontacto> <tdl>com</tdl></dominio>
<dominio><nomedominio>sapo.pt</nomedominio> <empresa>MEO - SERVIÇOS DE COMUNICAÇÕES E MULTIMÉDIA S.A.</empresa> <pais>PORTUGAL</pais> <codPais>PT</codPais> <codigopostal>1069-300</codigopostal> <emailregisto>gestao.dominios@telecom.pt</emailregisto> <datacreated>30-10-2002</datacreated> <dataexpires>02-11-2021</dataexpires> <emailcontacto>gestao.dominios@telecom.pt</emailcontacto> <tdl>pt</tdl></dominio>
</dominios>
