﻿Nome;Idade;Posição;Nacionalidade;Altura
Vlachodimos;26;GR;Grega;1,91
Svilar;21;GR;Belga;1,89
Helton Leite;30;GR;Brasileira;1,96
Todibo;20;DE;Francesa;1,9
Otamendi;32;DE;Argentina;1,83
Vertonghen;33;DE;Belga;1,89
Ferro;23;DE;Portuguesa;1,92
Morato;19;DE;Brasileira;1,9
Jardel;34;DE;Brasileira;1,92
Grimaldo;25;DE;Espanhola;1,71
Nuno Tavares;20;DE;Portuguesa;1,84
André Almeida;30;DE;Portuguesa;1,86
Gilberto;27;DE;Brasileira;1,81
Weigl;25;MC;Alema;1,86
Gabriel;27;MC;Brasileira;1,86
Samaris;31;MC;Grega;1,89
Pedrinho;22;MC;Brasileira;1,72
Diogo Gonçalves;23;MC;Portuguesa;1,78
Everton;24;MC;Brasileira;1,74
Rafa Silva;27;MC;Portuguesa;1,71
Cervi;26;MC;Brasileira;1,66
Pizzi;31;MC;Portuguesa;1,77
Chiquinho;25;MC;Portuguesa;1,74
Taarabt;31;MC;Marroquina;1,8
Waldschmidt;24;AV;Alema;1,81
Gonçalo Ramos;19;AV;Portuguesa;1,84
Darwin Núñez;21;AV;Uruguaia;1,87
Seferovic;28;AV;Suica;1,86
Ferreyra;29;AV;Argentina;1,83
