PartitionKey,RowKey,Timestamp,entityid,distritoinfracao,municipioinfracao,a2014ncrimes,a2013ncrimes,a2012ncrimes,a2011ncrimes,a2010ncrimes,a2009ncrimes,a2008ncrimes,a2007ncrimes,a2006ncrimes,a2005ncrimes,a2004ncrimes,a2003ncrimes,a2002ncrimes,a2001ncrimes,a2000ncrimes,a1999ncrimes,a1998ncrimes,a1997ncrimes,a1996ncrimes,a1995ncrimes,a1994ncrimes,a1993ncrimes
Crimesregistados20141993porlocalizacao,635951168253516361,2016-04-01T14:13:46.4027343Z,cdb2a80c-94c6-484e-b775-2a7bc32a89ab,Aveiro,Águeda,1392,1657,1778,1535,1618,1830,1997,1846,1623,1483,1721,1753,1682,1222,904,1027,801,860,956,996,990,804
Crimesregistados20141993porlocalizacao,635951168260391625,2016-04-01T14:13:47.0858381Z,0eb0e3f2-344d-470f-a0f4-69b4378e6ec0,Aveiro,Albergaria-a-Velha,752,844,781,859,844,820,836,748,725,801,704,645,554,460,364,411,344,388,462,431,485,363
Crimesregistados20141993porlocalizacao,635951168262110441,2016-04-01T14:13:47.2588608Z,2a86e90d-f79c-42e1-8ac5-b8248f36c768,Aveiro,Anadia,811,785,1032,886,913,971,1078,910,931,1013,909,972,902,830,731,781,729,692,717,878,929,918
Crimesregistados20141993porlocalizacao,635951168263516745,2016-04-01T14:13:47.4178831Z,171900ce-7b24-4725-8a3d-983006e4a111,Aveiro,Arouca,374,470,403,376,391,340,330,322,238,277,278,380,272,245,233,250,202,214,241,259,222,183
Crimesregistados20141993porlocalizacao,635951168265235561,2016-04-01T14:13:47.5729056Z,a36debeb-71fc-4d57-982f-6aad211bf00c,Aveiro,Aveiro,2495,2614,2865,3466,4161,3876,4576,4054,4361,4211,4185,4576,5471,3946,3756,4329,3635,3498,3289,3353,3265,3112
Crimesregistados20141993porlocalizacao,635951168266641865,2016-04-01T14:13:47.716926Z,85389fe4-ffaf-40fb-bfa4-3ca3dd8db8a7,Aveiro,Castelo de Paiva,369,409,502,503,517,517,513,414,348,430,406,362,321,257,228,153,155,171,189,138,141,132
Crimesregistados20141993porlocalizacao,635951168268360681,2016-04-01T14:13:47.8879519Z,6b770089-6e3b-4ae8-8eef-43d88b486ed5,Aveiro,Espinho,871,946,903,1114,1313,1179,1249,1264,1233,1349,1227,1587,1818,1745,1697,1648,1659,1508,1352,1656,1751,1379
Crimesregistados20141993porlocalizacao,635951168279767369,2016-04-01T14:13:49.0271186Z,d7dbde91-6d28-4afc-afe1-a07fc3b81ba0,Aveiro,Estarreja,1150,1018,1135,1086,1243,1024,1003,999,790,824,713,792,764,696,604,573,544,427,474,400,368,381
Crimesregistados20141993porlocalizacao,635951168281486185,2016-04-01T14:13:49.2021449Z,f63fd5a4-22e5-4c01-b75c-4348d284e3b9,Aveiro,Santa Maria da Feira,3718,4341,4380,4365,4670,4070,3998,3681,3439,4005,4540,4400,4069,3919,3184,2593,2437,2257,2092,1893,1822,1685
Crimesregistados20141993porlocalizacao,635951168282892489,2016-04-01T14:13:49.3481679Z,014aad8e-d303-4121-9b7e-2cfc0e8253ed,Aveiro,Ílhavo,1407,1330,1332,1576,1771,1717,1799,1283,1423,1505,1809,1849,1857,1489,1232,1338,1188,1040,995,1017,1214,991
Crimesregistados20141993porlocalizacao,635951168284767561,2016-04-01T14:13:49.6662152Z,4c6cbc73-3e1f-4c72-a473-5391a15f9b89,Aveiro,Mealhada,478,504,552,635,614,602,784,705,589,719,689,639,536,487,338,421,391,358,322,330,438,483
Crimesregistados20141993porlocalizacao,635951168288517705,2016-04-01T14:13:49.9152539Z,37334b84-6ec2-4a1f-b922-b3e80d3f4054,Aveiro,Murtosa,465,371,385,434,347,340,355,395,347,312,580,473,342,244,300,242,251,207,214,256,212,194
Crimesregistados20141993porlocalizacao,635951168290236521,2016-04-01T14:13:50.0722713Z,b312ff8a-de45-4ac6-8923-226f2c381131,Aveiro,Oliveira de Azeméis,1366,1419,1609,1640,1534,1420,1512,1315,1618,1646,1559,1568,1220,1211,1078,1088,955,857,837,775,783,802
Crimesregistados20141993porlocalizacao,635951168291642825,2016-04-01T14:13:50.2192945Z,dcbd7f81-9420-4e35-b23f-6a1c0b47b296,Aveiro,Oliveira do Bairro,768,924,832,895,982,1089,934,753,868,869,876,979,841,618,558,635,636,551,550,515,572,606
Crimesregistados20141993porlocalizacao,635951168293205385,2016-04-01T14:13:50.371315Z,df6b948f-d542-43e8-acfa-2736a7c2b066,Aveiro,Ovar,1691,1863,2047,2057,1998,1871,2269,1890,2082,2144,2184,2055,1837,1884,1683,1492,1463,1532,1397,1363,1370,1347
Crimesregistados20141993porlocalizacao,635951168294455433,2016-04-01T14:13:50.5003352Z,11f465a8-7ee9-451d-80b9-362369a85ed8,Aveiro,São João da Madeira,726,758,976,1096,1052,1167,1763,1446,1619,1748,1867,1763,1550,1633,1674,1591,1383,1394,1518,1217,945,875
Crimesregistados20141993porlocalizacao,635951168296017993,2016-04-01T14:13:50.7903799Z,e1218a54-ed15-4768-8655-939beda13a52,Aveiro,Sever do Vouga,396,362,395,372,357,365,426,352,359,338,290,273,215,241,213,171,173,120,215,226,178,156
Crimesregistados20141993porlocalizacao,635951168298986857,2016-04-01T14:13:50.953403Z,5f58c4a3-12c6-43ee-85e7-ca2f000a9685,Aveiro,Vagos,500,563,689,762,809,936,762,702,700,773,788,786,648,555,521,621,582,538,579,518,555,385
Crimesregistados20141993porlocalizacao,635951168300393161,2016-04-01T14:13:51.0954221Z,2d1b88a6-e35f-42f7-a43c-e1a8768a4b03,Aveiro,Vale de Cambra,445,497,447,432,511,467,461,410,552,688,529,624,526,343,315,279,258,262,266,273,230,235
Crimesregistados20141993porlocalizacao,635951168303674537,2016-04-01T14:13:51.4134722Z,61087248-44f8-4f5f-8b72-d6ba96807c6f,Beja,Aljustrel,219,239,306,217,226,200,223,272,273,288,214,220,227,268,158,180,161,148,121,170,170,113
Crimesregistados20141993porlocalizacao,635951168305237097,2016-04-01T14:13:51.567494Z,54fea24e-d9f3-499e-9848-f37c6464578c,Beja,Almodôvar,210,167,174,143,188,125,113,132,136,163,176,169,118,151,133,133,102,82,89,99,68,44
Crimesregistados20141993porlocalizacao,635951168306955913,2016-04-01T14:13:51.740519Z,e552c70e-824e-4971-8b39-60445eafbb99,Beja,Alvito,132,60,77,76,70,58,49,70,64,64,78,80,52,40,41,39,24,27,26,18,28,21
Crimesregistados20141993porlocalizacao,635951168308518473,2016-04-01T14:13:51.907542Z,2959fbae-230b-4b01-9134-e3b04acaa2f7,Beja,Barrancos,32,60,21,23,15,28,22,13,13,14,27,16,17,17,7,7,11,13,4,19,15,27
Crimesregistados20141993porlocalizacao,635951168319925161,2016-04-01T14:13:53.0357092Z,16bc5e51-e268-44e2-b8b0-ef1c80bae074,Beja,Beja,1042,1034,1040,1000,1114,1023,1351,1408,1405,1399,1797,1821,1505,1335,1128,1041,1015,914,931,1042,1107,952
Crimesregistados20141993porlocalizacao,635951168321331465,2016-04-01T14:13:53.1757293Z,3a96bab8-99ca-496f-a86c-3ae42ac32907,Beja,Castro Verde,155,148,141,132,126,105,110,110,160,160,207,252,129,150,152,103,138,105,121,85,64,55
Crimesregistados20141993porlocalizacao,635951168322737769,2016-04-01T14:13:53.3257521Z,76a44286-44a6-46c4-86a0-7a8bb8239f17,Beja,Cuba,200,162,192,134,133,102,128,84,113,85,104,101,76,86,83,73,85,70,61,75,82,92
Crimesregistados20141993porlocalizacao,635951168324144073,2016-04-01T14:13:53.4767779Z,c12b406f-5530-456c-9033-b06d499092e2,Beja,Ferreira do Alentejo,268,280,342,283,222,193,161,194,146,208,188,208,120,98,125,108,94,76,92,128,126,83
Crimesregistados20141993porlocalizacao,635951168326019145,2016-04-01T14:13:53.6507981Z,de7e5f0c-1926-4f4c-981a-03f8cd29179f,Beja,Mértola,144,184,179,159,105,95,111,114,100,156,150,151,142,167,128,107,84,53,78,106,98,108
Crimesregistados20141993porlocalizacao,635951168327894217,2016-04-01T14:13:53.8558292Z,beba0c02-ed01-4517-9fd5-b742178c61c8,Beja,Moura,427,437,372,323,389,331,228,290,338,376,415,424,391,440,390,326,358,294,253,286,306,306
Crimesregistados20141993porlocalizacao,635951168332269385,2016-04-01T14:13:54.2768918Z,5291d508-9654-4a58-bd23-8f30878e006e,Beja,Odemira,689,863,785,821,664,624,616,745,914,863,937,826,649,546,483,435,398,347,420,495,342,333
Crimesregistados20141993porlocalizacao,635951168340707209,2016-04-01T14:13:55.1730259Z,65d8c6d8-164c-4de1-9dbb-fa58c3d4f4c2,Beja,Ourique,144,208,248,174,183,146,126,149,162,207,243,242,195,222,203,219,118,141,168,131,105,109
Crimesregistados20141993porlocalizacao,635951168342738537,2016-04-01T14:13:55.326044Z,1c431b4f-61d0-43c7-8b7f-9a9eda848daf,Beja,Serpa,425,353,395,331,389,251,263,233,234,247,340,392,228,262,252,273,223,151,191,199,177,243
Crimesregistados20141993porlocalizacao,635951168344301097,2016-04-01T14:13:55.4840747Z,8a21bba9-ec46-402e-ac17-7b13179f6b91,Beja,Vidigueira,265,304,320,250,190,182,216,202,168,192,251,227,203,223,169,108,98,107,109,83,104,91
Crimesregistados20141993porlocalizacao,635951168347113705,2016-04-01T14:13:55.7551085Z,41fe6bd6-838a-419b-9e1f-ee54413a8766,Braga,Amares,448,484,765,868,729,686,532,572,527,563,566,580,557,462,348,379,343,314,364,356,343,339
Crimesregistados20141993porlocalizacao,635951168349457545,2016-04-01T14:13:55.9931428Z,ec458b85-4a77-4f6d-8c12-769db066c405,Braga,Barcelos,2007,2492,2477,2762,2917,2692,2766,2786,2777,2902,2658,2924,2642,2242,2244,1935,2075,1528,1658,1789,1849,1661
Crimesregistados20141993porlocalizacao,635951168350863849,2016-04-01T14:13:56.1401642Z,3c26a02c-1619-4baa-94aa-9e7dec040c66,Braga,Braga,5550,6040,6177,6748,7212,6138,6887,7600,7151,7464,7301,8191,8526,7274,6827,6393,5796,5437,5668,5704,5929,5559
Crimesregistados20141993porlocalizacao,635951168352426409,2016-04-01T14:13:56.2931917Z,0d9b405d-26a0-4ea0-bbdc-22af238b8994,Braga,Cabeceiras de Basto,363,361,447,348,429,464,409,454,448,446,344,375,413,409,311,314,324,262,254,250,213,235
Crimesregistados20141993porlocalizacao,635951168353832713,2016-04-01T14:13:56.4332068Z,a019a57b-5ab5-4768-b060-ea4ab7bba59c,Braga,Celorico de Basto,256,395,372,437,561,519,455,397,374,452,376,363,353,402,415,384,383,325,414,247,221,235
Crimesregistados20141993porlocalizacao,635951168355082761,2016-04-01T14:13:56.561234Z,62b0eee9-fe15-4270-8784-3600e1068fd8,Braga,Esposende,1021,1361,1469,1166,1282,1297,1191,1087,1278,1370,1334,991,1161,1261,1004,939,924,812,891,878,911,667
Crimesregistados20141993porlocalizacao,635951168356489065,2016-04-01T14:13:56.7032531Z,8ab5424d-d40a-4c3e-87c3-1558c94ff451,Braga,Fafe,1013,1312,1402,1370,1822,1657,1484,1870,1673,1627,1582,1278,1167,1141,1204,1172,1322,1153,934,959,784,883
Crimesregistados20141993porlocalizacao,635951168357895369,2016-04-01T14:13:56.8422666Z,e34a3684-3c44-4268-aab1-b363ffaedc25,Braga,Guimarães,3168,3493,3467,4475,5367,5104,4226,4038,3887,3833,4339,5005,4528,3569,3289,3578,3861,3131,3008,2950,2815,2737
Crimesregistados20141993porlocalizacao,635951168359301673,2016-04-01T14:13:56.9772866Z,e58244fc-bbdb-4c75-b1f6-cf23bef986ef,Braga,Póvoa de Lanhoso,494,715,750,652,698,647,688,628,636,644,536,532,747,685,492,505,480,453,443,396,333,376
Crimesregistados20141993porlocalizacao,635951168360707977,2016-04-01T14:13:57.1193079Z,14e382b5-e5b5-41d8-bb75-e898d91dc42d,Braga,Terras de Bouro,187,269,267,340,258,297,250,235,213,255,201,207,244,144,153,162,173,191,239,258,231,207
Crimesregistados20141993porlocalizacao,635951168362270537,2016-04-01T14:13:57.2783311Z,3ab9fcdd-7ec9-4a41-9741-9b3fe1f564ea,Braga,Vieira do Minho,347,533,553,577,666,661,542,596,493,502,461,508,384,402,389,324,306,375,350,354,405,450
Crimesregistados20141993porlocalizacao,635951168363520585,2016-04-01T14:13:57.4033514Z,34690c1f-8350-4cf9-b6f4-9c817dd84671,Braga,Vila Nova de Famalicão,2763,3391,3327,3176,3460,3622,4022,3577,3395,3393,3128,3316,2896,2467,2151,2285,2538,2634,2535,2358,2096,2117
Crimesregistados20141993porlocalizacao,635951168365239401,2016-04-01T14:13:57.5713759Z,98aff94f-4e5d-43f5-b9d4-5d0456564d62,Braga,Vila Verde,1448,1744,1654,1632,1666,1560,1404,1288,1156,1135,1002,1125,1093,921,806,828,743,660,702,638,547,510
Crimesregistados20141993porlocalizacao,635951168366645705,2016-04-01T14:13:57.7123957Z,cd12e808-fcb1-483b-b028-e7848c6297de,Braga,Vizela,648,881,679,824,910,728,484,478,479,397,437,485,4,6,12,34,8,205,205,272,240,142
Crimesregistados20141993porlocalizacao,635951168372739689,2016-04-01T14:13:58.3334876Z,b56042fc-753b-441f-9500-ffe4ac2e5d95,Bragança,Alfândega da Fé,154,172,247,239,147,159,154,163,125,118,130,111,82,114,110,107,98,105,69,69,70,62
Crimesregistados20141993porlocalizacao,635951168374614761,2016-04-01T14:13:58.5165158Z,79ffd208-8bbb-4a85-9042-fe170fdc58a9,Bragança,Bragança,1148,1222,1326,1293,1217,1260,1491,1441,1444,1461,1960,1457,1336,1342,1546,1252,1214,1133,1192,1317,1230,1056
Crimesregistados20141993porlocalizacao,635951168376489833,2016-04-01T14:13:58.6945386Z,248fcf18-4606-4bc8-b9d8-688f5ced20bc,Bragança,Carrazeda de Ansiães,207,182,232,298,235,284,236,218,262,212,183,208,173,186,207,152,130,114,175,164,88,91
Crimesregistados20141993porlocalizacao,635951168378052393,2016-04-01T14:13:58.857569Z,d512f0bf-88d7-4414-9eab-81677947f4db,Bragança,Freixo de Espada à Cinta,146,128,177,155,99,110,152,127,103,131,119,156,120,119,117,92,69,69,34,34,46,26
Crimesregistados20141993porlocalizacao,635951168379458697,2016-04-01T14:13:58.9905863Z,a6f5c871-d4ff-4f3b-9965-619ab95fa729,Bragança,Macedo de Cavaleiros,484,518,563,519,468,408,420,410,419,471,454,438,506,478,438,421,471,453,414,487,339,262
Crimesregistados20141993porlocalizacao,635951168400397001,2016-04-01T14:14:01.0958928Z,c5cf4387-85bc-4dbf-a04e-b4f18a52550f,Bragança,Miranda do Douro,248,230,300,284,250,207,239,158,159,154,167,154,114,127,147,139,144,138,112,124,121,119
Crimesregistados20141993porlocalizacao,635951168402115817,2016-04-01T14:14:01.2659168Z,2411131e-287e-49ee-a51a-8b5a03fa1d29,Bragança,Mirandela,713,753,831,825,845,742,641,693,711,653,639,575,537,581,656,628,621,617,595,606,582,640
Crimesregistados20141993porlocalizacao,635951168403834633,2016-04-01T14:14:01.4289408Z,62d230b5-8d99-4b7f-b5f0-14aa0e31c6a4,Bragança,Mogadouro,201,222,270,236,230,244,256,197,148,169,162,196,175,150,148,103,115,123,104,134,139,101
Crimesregistados20141993porlocalizacao,635951168405553449,2016-04-01T14:14:01.6129684Z,1efd0da3-aae0-4fb5-a5ff-bc44b8b892a7,Bragança,Torre de Moncorvo,289,344,434,427,405,386,286,290,264,281,314,307,315,307,302,240,261,188,204,168,139,109
Crimesregistados20141993porlocalizacao,635951168407116009,2016-04-01T14:14:01.7599925Z,81943eb4-bbd7-4679-98c7-a69f3610c8ac,Bragança,Vila Flor,194,217,221,240,276,231,171,186,196,251,185,202,188,134,131,127,100,103,125,93,97,99
Crimesregistados20141993porlocalizacao,635951168408678569,2016-04-01T14:14:01.9220158Z,fa9388d7-8eeb-4a55-a24f-02b6b6df7629,Bragança,Vimioso,217,252,258,196,193,196,175,163,178,205,141,137,148,154,131,169,127,118,126,78,105,83
Crimesregistados20141993porlocalizacao,635951168411022409,2016-04-01T14:14:02.1450472Z,5b8522b7-71ee-4a98-92d3-c2910324565a,Bragança,Vinhais,187,222,204,269,212,196,197,173,150,196,190,228,185,151,203,138,156,126,142,147,193,129
Crimesregistados20141993porlocalizacao,635951168422429097,2016-04-01T14:14:03.2912207Z,b495768a-0c99-44c0-93a0-35abb8a641d4,Castelo Branco,Belmonte,179,263,307,298,312,341,316,310,299,255,261,269,253,174,159,171,167,136,111,162,104,116
Crimesregistados20141993porlocalizacao,635951168423679145,2016-04-01T14:14:03.4202354Z,e85b0788-f865-490d-a269-2efda2c0c5c3,Castelo Branco,Castelo Branco,1654,1599,1641,1640,1788,1836,1977,1785,1991,2077,2216,2171,1919,1579,1541,1637,1216,1276,1205,1329,1165,1057
Crimesregistados20141993porlocalizacao,635951168425085449,2016-04-01T14:14:03.5642608Z,668b9ffa-61bf-4fed-ba93-39fb0689f384,Castelo Branco,Covilhã,1092,1109,1221,1257,1298,1364,1359,1185,1270,1116,1129,1314,980,904,1025,937,1084,1037,877,952,806,835
Crimesregistados20141993porlocalizacao,635951168426491753,2016-04-01T14:14:03.6912752Z,dc9da1b7-445c-4200-8fb4-72e8cbe6aea4,Castelo Branco,Fundão,701,806,822,754,776,1019,844,768,823,774,756,675,624,564,452,531,538,480,537,489,469,462
Crimesregistados20141993porlocalizacao,635951168427898057,2016-04-01T14:14:03.8442986Z,50f7d111-e76d-4cbe-bee8-1b15729e6c3a,Castelo Branco,Idanha-a-Nova,417,356,526,402,451,419,345,326,302,350,315,280,255,235,176,183,202,198,183,193,193,180
Crimesregistados20141993porlocalizacao,635951168430710665,2016-04-01T14:14:04.1133393Z,764aebc4-c74c-4cba-8d4c-3500ad0cf363,Castelo Branco,Oleiros,121,91,133,112,97,110,92,142,109,164,112,114,108,103,104,65,72,51,59,88,65,72
Crimesregistados20141993porlocalizacao,635951168432429481,2016-04-01T14:14:04.3003629Z,f728fd6f-dd1d-4ece-b989-1948256aec5f,Castelo Branco,Penamacor,177,186,271,227,175,165,155,149,171,167,147,136,129,101,74,78,67,76,67,47,45,43
Crimesregistados20141993porlocalizacao,635951168433835785,2016-04-01T14:14:04.4333843Z,eb155654-4910-4a09-bdc9-9e2894b8b743,Castelo Branco,Proença-a-Nova,93,119,148,138,127,120,129,142,123,95,109,126,174,122,129,129,107,77,80,73,58,58
Crimesregistados20141993porlocalizacao,635951168435085833,2016-04-01T14:14:04.5534023Z,0b73143c-1e69-42c5-861b-a010726d5063,Castelo Branco,Sertã,352,413,329,319,362,395,340,370,387,354,370,359,349,275,235,300,263,255,213,232,205,202
Crimesregistados20141993porlocalizacao,635951168436179625,2016-04-01T14:14:04.663418Z,a724b9d0-c2e1-45a0-acc2-960eb84340f7,Castelo Branco,Vila de Rei,73,92,87,107,119,76,58,42,51,43,59,62,53,50,18,31,39,21,15,31,25,18
Crimesregistados20141993porlocalizacao,635951168437429673,2016-04-01T14:14:04.7924386Z,82888234-db82-49f4-85d6-489dddd3d93b,Castelo Branco,Vila Velha de Ródão,91,95,98,143,82,100,99,79,89,61,52,49,42,44,54,41,47,48,49,43,34,29
Crimesregistados20141993porlocalizacao,635951168440242281,2016-04-01T14:14:05.073478Z,cd483da0-4c2a-4faf-ad48-c6597ec7e8d0,Coimbra,Arganil,309,354,313,279,365,405,468,410,323,317,286,294,229,215,230,222,259,200,188,204,193,181
Crimesregistados20141993porlocalizacao,635951168441648585,2016-04-01T14:14:05.2154984Z,f0b38353-53f4-40e3-94a3-f541a479fcfb,Coimbra,Cantanhede,1057,1052,1314,1354,1392,1298,1159,1167,1232,1161,1079,1205,1070,866,843,798,805,678,624,702,545,571
Crimesregistados20141993porlocalizacao,635951168443054889,2016-04-01T14:14:05.3595192Z,ffdda71a-c233-4ac7-a322-27f0257ed8b6,Coimbra,Coimbra,5346,5182,5631,5473,6290,6892,6991,5737,6075,6051,6294,5522,6102,5501,5009,4905,4666,5597,5965,6089,5555,5051
Crimesregistados20141993porlocalizacao,635951168444773705,2016-04-01T14:14:05.5235425Z,7c9b2aa2-27e4-4ee1-a954-06dee779eb82,Coimbra,Condeixa-a-Nova,434,420,479,455,477,437,386,391,433,472,408,400,400,380,298,305,287,271,285,299,279,284
Crimesregistados20141993porlocalizacao,635951168446180009,2016-04-01T14:14:05.6745678Z,11df9a9f-ef45-4820-8654-ad873b053af9,Coimbra,Figueira da Foz,1500,1762,2240,2540,2349,2367,1881,1928,1934,2449,1971,1858,1768,1726,1591,1558,1756,1804,1874,1829,1642,1435
Crimesregistados20141993porlocalizacao,635951168447586313,2016-04-01T14:14:05.8115882Z,0f4ca866-7cf9-4a58-9be4-0eb7280594d7,Coimbra,Góis,121,138,169,166,131,166,143,120,131,154,106,127,88,83,77,131,82,81,102,123,115,99
Crimesregistados20141993porlocalizacao,635951168449305129,2016-04-01T14:14:05.9826132Z,ba77d3e1-4e77-47f0-be0d-5381a928230f,Coimbra,Lousã,390,515,550,696,573,592,705,542,506,545,460,549,449,401,372,443,376,267,317,381,323,283
Crimesregistados20141993porlocalizacao,635951168450867689,2016-04-01T14:14:06.140634Z,eaf8564f-875c-4a73-8348-73ead2d7d47f,Coimbra,Mira,342,366,427,437,334,333,291,306,387,442,339,344,363,284,366,305,290,214,268,291,260,211
Crimesregistados20141993porlocalizacao,635951168452430249,2016-04-01T14:14:06.3006592Z,05e71b62-9a3d-4a81-952a-c4da1554c170,Coimbra,Miranda do Corvo,268,285,340,265,348,315,380,301,282,347,305,296,168,170,152,172,171,190,190,233,234,151
Crimesregistados20141993porlocalizacao,635951168453836553,2016-04-01T14:14:06.4396786Z,874b4599-6a5e-44a6-bb55-02615f8530a9,Coimbra,Montemor-o-Velho,529,627,843,865,892,888,817,818,840,795,758,782,733,508,441,342,255,252,273,290,251,242
Crimesregistados20141993porlocalizacao,635951168455086601,2016-04-01T14:14:06.5526953Z,3f19c5ba-a5fc-440c-b3f8-13eb15bedbb4,Coimbra,Oliveira do Hospital,452,405,428,449,512,567,428,434,479,496,418,471,508,423,451,432,452,385,398,455,438,334
Crimesregistados20141993porlocalizacao,635951168456180393,2016-04-01T14:14:06.6657106Z,7d5a04b3-562d-48d6-88dc-f715659b35fc,Coimbra,Pampilhosa da Serra,72,91,147,95,89,78,102,101,101,130,119,112,93,90,113,112,115,124,111,106,80,108
Crimesregistados20141993porlocalizacao,635951168457430441,2016-04-01T14:14:06.7967308Z,1d5cf933-a2d1-4b6d-8842-72774e26dcaa,Coimbra,Penacova,341,351,253,347,283,324,276,259,307,272,281,369,360,276,307,306,378,333,300,352,330,317
Crimesregistados20141993porlocalizacao,635951168458680489,2016-04-01T14:14:06.9197484Z,235cd95f-dffb-4d51-8145-0abae3a34ae9,Coimbra,Penela,171,218,227,195,154,153,163,134,185,183,180,126,153,226,183,148,188,136,127,168,135,131
Crimesregistados20141993porlocalizacao,635951168460243049,2016-04-01T14:14:07.0687711Z,d005c48b-6206-47e5-830d-cd91437debcf,Coimbra,Soure,298,383,380,343,323,338,264,289,365,454,381,373,451,400,462,452,390,312,347,345,255,193
Crimesregistados20141993porlocalizacao,635951168461493097,2016-04-01T14:14:07.1977899Z,f8269bd7-05c3-4c9c-a900-ddf7b484c01a,Coimbra,Tábua,286,341,331,359,335,278,289,200,258,349,211,255,287,290,265,274,315,296,277,270,262,272
Crimesregistados20141993porlocalizacao,635951168463368169,2016-04-01T14:14:07.3818171Z,7643769a-8391-47c2-b294-8245843d65a2,Coimbra,Vila Nova de Poiares,175,221,173,173,175,181,221,167,176,259,241,282,210,202,172,146,173,116,124,129,112,105
Crimesregistados20141993porlocalizacao,635951168465712009,2016-04-01T14:14:07.6298546Z,963eb7de-84b8-4beb-960e-7f57c4b28828,Évora,Alandroal,69,78,88,99,79,76,84,78,98,90,108,132,82,74,79,58,64,61,61,84,57,48
Crimesregistados20141993porlocalizacao,635951168467274569,2016-04-01T14:14:07.7728748Z,63894918-5848-435b-9c09-fc7778c68bcc,Évora,Arraiolos,139,134,128,148,135,149,144,122,122,89,112,119,111,78,90,110,49,58,63,114,94,79
Crimesregistados20141993porlocalizacao,635951168468837129,2016-04-01T14:14:07.9348999Z,55d5059f-ecbf-4e3e-b2e8-c444ea7ebb5a,Évora,Borba,150,111,142,111,121,121,63,102,105,65,118,151,139,135,103,131,111,93,106,99,94,123
Crimesregistados20141993porlocalizacao,635951168470399689,2016-04-01T14:14:08.0909203Z,7d97e47f-2bca-44db-bcc6-4bf8c435444f,Évora,Estremoz,300,286,287,351,321,354,309,387,364,284,354,408,362,322,366,262,326,271,368,295,295,231
Crimesregistados20141993porlocalizacao,635951168471805993,2016-04-01T14:14:08.2349407Z,6ae27dbe-85de-47f5-bd0a-74e64a97b0fa,Évora,Évora,1696,1842,1953,1889,2021,1855,2463,2615,2504,2455,2466,2622,2482,2198,2324,2710,2087,2307,2347,2237,2089,1974
Crimesregistados20141993porlocalizacao,635951168473056041,2016-04-01T14:14:08.3559639Z,9366ba31-391d-4d53-a802-da3e7309ffa1,Évora,Montemor-o-Novo,470,489,546,493,467,499,511,499,503,519,466,367,414,349,314,241,178,175,270,314,326,263
Crimesregistados20141993porlocalizacao,635951168474462345,2016-04-01T14:14:08.4919831Z,a881643e-f880-4794-84b7-29f030275bb8,Évora,Mora,195,173,193,160,99,84,90,141,108,97,120,120,82,112,106,82,57,35,46,40,65,47
Crimesregistados20141993porlocalizacao,635951168475712393,2016-04-01T14:14:08.6280011Z,c42f0b3b-fadc-46d0-8c4d-e03b57994769,Évora,Mourão,63,75,77,57,51,69,76,85,113,52,73,96,74,109,109,94,93,56,40,50,25,16
Crimesregistados20141993porlocalizacao,635951168476962441,2016-04-01T14:14:08.7570185Z,97ba2ae8-da79-46f5-9fbc-d43249658188,Évora,Portel,87,125,124,83,107,72,94,84,120,83,89,110,114,131,134,82,80,48,61,48,66,52
Crimesregistados20141993porlocalizacao,635951168478368745,2016-04-01T14:14:08.9010389Z,b88b10b9-8f4d-47a7-9ee9-f21cb7345760,Évora,Redondo,178,182,184,189,195,216,147,116,121,130,135,135,108,81,82,96,79,68,63,58,83,81
Crimesregistados20141993porlocalizacao,635951168479931305,2016-04-01T14:14:09.0380611Z,0a4fa51b-163e-46a8-bbc8-b41ec9d15b1c,Évora,Reguengos de Monsaraz,267,326,286,215,171,180,175,156,152,153,145,190,181,196,187,136,146,122,158,141,135,67
Crimesregistados20141993porlocalizacao,635951168481181353,2016-04-01T14:14:09.1700796Z,c455e55b-8207-4210-bba1-2fbf6b78b909,Évora,Vendas Novas,380,401,566,460,336,318,356,354,318,316,290,304,263,204,202,203,120,71,151,153,168,153
Crimesregistados20141993porlocalizacao,635951168482587657,2016-04-01T14:14:09.3020994Z,732550d7-4989-4d11-bd95-168fab4b37bd,Évora,Viana do Alentejo,105,138,190,145,141,146,144,97,89,93,68,80,129,99,100,85,40,51,56,41,37,49
Crimesregistados20141993porlocalizacao,635951168483681449,2016-04-01T14:14:09.4171147Z,d4caa3c3-ca4d-49d8-9106-7ff59ec8f43b,Évora,Vila Viçosa,101,85,96,107,119,85,87,106,109,98,155,231,201,189,175,150,129,133,147,187,169,142
Crimesregistados20141993porlocalizacao,635951168485869033,2016-04-01T14:14:09.6441487Z,56f478c2-9617-4ffa-be57-a66743f38ad9,Faro,Albufeira,3350,3420,3921,4231,4593,4848,5401,5941,5982,5482,6816,6763,5407,4693,4334,4253,3324,3546,3364,2748,2835,3028
Crimesregistados20141993porlocalizacao,635951168487431593,2016-04-01T14:14:09.8041753Z,a3e951a6-7bd3-420b-adbd-ca1787ae2846,Faro,Alcoutim,83,77,71,47,60,63,79,58,41,48,59,53,33,42,39,41,40,49,46,50,54,40
Crimesregistados20141993porlocalizacao,635951168488837897,2016-04-01T14:14:09.9381955Z,7f059e71-2fec-415a-98c7-299dac5f6b5a,Faro,Aljezur,266,270,295,338,264,312,339,322,287,266,326,254,156,147,76,103,58,31,42,46,37,41
Crimesregistados20141993porlocalizacao,635951168490087945,2016-04-01T14:14:10.0592119Z,252a91b1-f5a9-435d-b21b-536ef6d9a3f6,Faro,Castro Marim,256,245,301,358,269,322,309,338,402,327,294,200,211,198,183,163,183,210,177,143,157,147
Crimesregistados20141993porlocalizacao,635951168491494249,2016-04-01T14:14:10.1892291Z,957e12ef-3e4e-45ba-8ca3-e09c74bc4669,Faro,Faro,2681,2968,3038,3479,3447,3432,3543,3598,3174,3357,3603,3052,3096,2892,2684,2723,2325,2982,2941,2862,3017,2476
Crimesregistados20141993porlocalizacao,635951168492744297,2016-04-01T14:14:10.3262491Z,260013c0-ca5d-4b5d-9ff2-2278cd3a4e0f,Faro,Lagoa,1312,1360,1451,1454,1617,1674,1618,1561,1534,1550,1700,1797,1446,1342,1370,1334,1399,963,1151,939,961,937
Crimesregistados20141993porlocalizacao,635951168494931881,2016-04-01T14:14:10.5392826Z,02f4005e-7887-475d-9ed6-aa6157357c05,Faro,Lagos,1334,1551,1515,1733,1717,1737,1797,1670,1641,1748,1801,2522,1541,1286,1349,1183,1171,1157,1144,1097,1367,1241
Crimesregistados20141993porlocalizacao,635951168496025673,2016-04-01T14:14:10.6562996Z,e6424acc-0f3f-42f4-90e4-277cd9ae2d7d,Faro,Loulé,3618,3791,4297,4168,4755,5052,4938,4820,4957,5213,5380,4017,3241,3050,4284,4119,4022,4707,4459,4756,4239,4202
Crimesregistados20141993porlocalizacao,635951168497275721,2016-04-01T14:14:10.9383401Z,2e16c253-7370-41ab-bf04-5d9bb2ad8fbf,Faro,Monchique,150,180,173,178,196,184,168,127,103,115,109,97,123,91,98,89,81,65,114,137,174,104
Crimesregistados20141993porlocalizacao,635951168500088329,2016-04-01T14:14:11.0603567Z,c7caaa71-cacb-4f13-8acb-3df6506cfc1e,Faro,Olhão,1837,1930,1858,1840,2294,2236,2168,1919,2001,1689,2442,2109,1927,1739,1752,1764,1688,1847,1857,1521,1425,1284
Crimesregistados20141993porlocalizacao,635951168501338377,2016-04-01T14:14:11.1833744Z,be3a59af-ccb1-412f-b34a-af7defb110fa,Faro,Portimão,2563,2596,2824,2992,3266,3610,3750,3327,3144,2578,2809,2927,2793,2333,2237,2332,2232,2526,2402,2278,2266,2029
Crimesregistados20141993porlocalizacao,635951168502588425,2016-04-01T14:14:11.4314128Z,1fb230d7-bcf9-490a-b1f4-14da3edd316d,Faro,São Brás de Alportel,268,400,418,343,349,341,396,344,285,360,448,440,320,306,315,302,231,263,222,184,211,250
Crimesregistados20141993porlocalizacao,635951168505244777,2016-04-01T14:14:11.5834352Z,36fe365d-9341-4401-a8c8-72bc3acf8e32,Faro,Silves,1677,1832,2345,2124,2140,2126,1950,1855,1694,1730,1739,1381,1271,1107,1194,1336,1088,883,866,722,847,712
Crimesregistados20141993porlocalizacao,635951168506494825,2016-04-01T14:14:11.7034523Z,f70dbf9f-c780-4cb9-ae45-491250d70017,Faro,Tavira,884,1043,1129,1262,1236,1106,1256,981,1176,1080,1261,1267,1108,1071,978,781,712,862,977,1050,819,696
Crimesregistados20141993porlocalizacao,635951168507901129,2016-04-01T14:14:11.8344729Z,eb948e82-98a1-4f2e-a2ef-693e54ebfd1b,Faro,Vila do Bispo,260,369,293,345,400,477,391,258,222,234,333,361,280,219,185,153,147,135,144,209,233,143
Crimesregistados20141993porlocalizacao,635951168509151177,2016-04-01T14:14:11.9724916Z,b19bc377-1a58-42e7-9f1f-85609ab9074d,Faro,Vila Real de Santo António,694,745,985,954,991,822,950,858,754,986,940,913,988,873,794,760,765,924,1007,877,954,730
Crimesregistados20141993porlocalizacao,635951168511963785,2016-04-01T14:14:12.2465328Z,8192c805-737e-4cb4-9819-3f43f87ebf5c,Guarda,Aguiar da Beira,88,110,86,127,109,110,94,59,47,42,61,59,27,43,50,79,71,47,65,76,82,63
Crimesregistados20141993porlocalizacao,635951168513370089,2016-04-01T14:14:12.3895534Z,e4203458-d9d8-4d31-bc22-9dcea60a4d89,Guarda,Almeida,388,248,271,223,253,227,253,230,194,161,244,218,228,232,212,283,246,217,213,163,176,139
Crimesregistados20141993porlocalizacao,635951168514620137,2016-04-01T14:14:12.5215715Z,7829f1c7-efd8-4735-b720-dea58a9ff86d,Guarda,Celorico da Beira,239,260,210,245,190,209,221,251,286,248,215,221,229,189,184,159,176,152,155,137,180,135
Crimesregistados20141993porlocalizacao,635951168516182697,2016-04-01T14:14:12.6596006Z,4e836141-0d53-424d-ad0c-23443669cb88,Guarda,Figueira de Castelo Rodrigo,166,253,192,213,173,197,140,114,84,72,120,105,119,92,156,156,109,96,65,79,95,50
Crimesregistados20141993porlocalizacao,635951168517589001,2016-04-01T14:14:12.8116162Z,094ec0b7-2751-4d0e-9e29-39c999be2db1,Guarda,Fornos de Algodres,88,126,158,148,105,97,102,102,141,120,135,130,109,117,87,95,111,90,49,91,93,87
Crimesregistados20141993porlocalizacao,635951168518995305,2016-04-01T14:14:12.94764Z,f5f89658-72fd-4a57-8f5b-af65e91550ad,Guarda,Gouveia,396,393,341,324,345,334,358,302,300,381,368,338,283,302,229,220,193,161,183,188,171,179
Crimesregistados20141993porlocalizacao,635951168520245353,2016-04-01T14:14:13.0806569Z,8bd56f7b-0497-4455-9adc-f11bd8e7d181,Guarda,Guarda,884,846,974,1121,1054,962,1160,1080,964,1010,1049,1091,1088,1044,983,1054,948,1207,945,1030,983,917
Crimesregistados20141993porlocalizacao,635951168521651657,2016-04-01T14:14:13.3907013Z,67f09f39-8b75-4cbe-9053-29b2643b5592,Guarda,Manteigas,68,97,61,59,86,90,79,75,69,69,67,58,67,21,26,18,20,27,28,29,19,28
Crimesregistados20141993porlocalizacao,635951168524776777,2016-04-01T14:14:13.5247202Z,b09b83a3-5397-4e3c-80c7-c4e6ed2ac2cb,Guarda,Meda,99,173,161,125,116,81,90,149,116,105,125,110,85,37,65,55,55,45,56,63,47,51
Crimesregistados20141993porlocalizacao,635951168526026825,2016-04-01T14:14:13.6557385Z,05d0f312-0063-4af6-ab82-c7d1d15d739b,Guarda,Pinhel,312,235,226,238,179,191,203,202,192,184,197,256,208,170,180,125,187,135,116,120,153,107
Crimesregistados20141993porlocalizacao,635951168527901897,2016-04-01T14:14:13.8367642Z,70b37ebe-6c4d-4444-b8ca-a0c78811a8d0,Guarda,Sabugal,245,254,265,191,194,260,208,189,187,189,179,200,173,163,178,172,177,148,185,198,186,145
Crimesregistados20141993porlocalizacao,635951168529308201,2016-04-01T14:14:13.9847885Z,9b03f470-20d8-4457-9be8-d5ce5ac26032,Guarda,Seia,663,800,786,696,728,753,756,617,628,758,722,776,469,410,355,340,488,283,251,323,401,358
Crimesregistados20141993porlocalizacao,635951168530714505,2016-04-01T14:14:14.1208064Z,7ff26b80-3a86-4c7c-857b-6b6a90a2e8ec,Guarda,Trancoso,217,292,236,266,246,269,222,213,233,212,230,251,210,170,168,171,148,128,176,164,204,164
Crimesregistados20141993porlocalizacao,635951168531808297,2016-04-01T14:14:14.2358288Z,62b955db-dde6-4bb6-9d70-c63227c23962,Guarda,Vila Nova de Foz Côa,239,288,208,168,201,155,153,219,180,191,183,172,132,143,140,148,167,117,120,149,143,137
Crimesregistados20141993porlocalizacao,635951168534308393,2016-04-01T14:14:14.4828644Z,cc580428-0440-4f87-9950-a38a568ca647,Leiria,Alcobaça,1507,1821,1886,2081,2156,2032,2009,1880,1939,2047,1668,1581,1580,1433,1407,1501,1464,1325,1433,1322,1322,1033
Crimesregistados20141993porlocalizacao,635951168535402185,2016-04-01T14:14:14.5988776Z,4e08a797-4231-48bd-9bb6-1283674a536e,Leiria,Alvaiázere,227,192,253,236,272,241,293,231,256,266,203,226,172,173,186,185,272,265,231,235,190,182
Crimesregistados20141993porlocalizacao,635951168536652233,2016-04-01T14:14:14.7228955Z,c569c318-d563-4bb3-b5b7-d300294741b5,Leiria,Ansião,262,266,379,274,284,328,473,323,309,298,297,315,280,259,278,218,246,239,203,206,156,137
Crimesregistados20141993porlocalizacao,635951168538058537,2016-04-01T14:14:14.8699173Z,ed4ea6ee-036c-48fb-8ff6-f1162308edc9,Leiria,Batalha,496,542,513,623,614,685,539,498,439,381,434,368,440,399,471,413,469,429,418,456,302,232
Crimesregistados20141993porlocalizacao,635951168539464841,2016-04-01T14:14:14.9989352Z,1ef73a5e-3778-49e0-b550-410bab333311,Leiria,Bombarral,406,387,475,569,593,432,466,330,388,491,411,367,302,283,268,231,165,154,106,170,102,171
Crimesregistados20141993porlocalizacao,635951168540871145,2016-04-01T14:14:15.1339552Z,5b2ed6be-a81f-4cd6-9cfb-4ede215791b3,Leiria,Caldas da Rainha,1691,1929,2030,2289,2095,2698,2550,1969,2104,2213,2614,2700,2469,2140,1640,1611,1596,1459,1540,1677,1523,1527
Crimesregistados20141993porlocalizacao,635951168542121193,2016-04-01T14:14:15.2559754Z,86f1fb48-12da-4091-8850-33be2087edf6,Leiria,Castanheira de Pêra,104,113,106,101,114,113,98,77,98,68,57,93,77,94,74,80,88,69,59,78,80,62
Crimesregistados20141993porlocalizacao,635951168543214985,2016-04-01T14:14:15.3749924Z,eb98a0a6-d3e9-4e68-b63c-26fc6ab76caf,Leiria,Figueiró dos Vinhos,179,202,196,199,203,220,168,158,224,200,175,164,136,162,161,128,135,131,137,118,140,121
Crimesregistados20141993porlocalizacao,635951168544621289,2016-04-01T14:14:15.5070122Z,23594edd-31f3-4a4f-9a67-6cefd3b4942d,Leiria,Leiria,3389,3705,4040,4327,4079,4038,3619,3495,4084,3953,3861,4243,4633,4413,4713,3930,3482,3559,3668,3837,3617,3087
Crimesregistados20141993porlocalizacao,635951168546027593,2016-04-01T14:14:15.660032Z,e4896e49-92e7-4642-8836-347040cbf326,Leiria,Marinha Grande,1129,1357,1465,1673,1796,1421,1368,1175,1218,1319,1468,1509,1129,1404,1357,1248,1236,1323,1321,1266,1350,1195
Crimesregistados20141993porlocalizacao,635951168547121385,2016-04-01T14:14:15.778051Z,52cf09a0-704e-477e-a3c8-8ae8e42dc6f3,Leiria,Nazaré,531,649,588,678,646,641,698,573,655,606,545,565,575,619,567,593,430,425,366,366,498,418
Crimesregistados20141993porlocalizacao,635951168548371433,2016-04-01T14:14:15.890072Z,2469d45e-e57e-4a37-b752-678676a43948,Leiria,Óbidos,359,412,613,503,468,531,525,342,351,413,497,304,238,228,224,227,202,271,226,222,229,227
Crimesregistados20141993porlocalizacao,635951168549465225,2016-04-01T14:14:16.0030833Z,5b58c929-085d-4bc5-b6c1-3a0da06420ee,Leiria,Pedrógão Grande,112,161,181,172,102,176,124,164,134,209,128,110,117,108,119,112,167,99,120,147,128,144
Crimesregistados20141993porlocalizacao,635951168550715273,2016-04-01T14:14:16.1241028Z,79da991e-3ddf-4daf-8554-dffa01550a65,Leiria,Peniche,1101,1122,1274,1172,1162,1181,1033,1107,904,964,1085,1073,888,885,1062,888,829,892,1010,923,1027,834
Crimesregistados20141993porlocalizacao,635951168551965321,2016-04-01T14:14:16.2471187Z,b88c388d-df7f-4ea4-933a-c54110160727,Leiria,Pombal,1312,1346,1628,1575,1610,1465,1423,1211,1409,1293,1402,1264,1459,1454,1408,1331,1507,1147,1170,1192,1161,1147
Crimesregistados20141993porlocalizacao,635951168553215369,2016-04-01T14:14:16.3801397Z,40f72dcb-d3a6-45c4-b45a-1e0ca8c2921f,Leiria,Porto de Mós,522,603,743,806,827,931,878,794,647,584,569,514,499,512,573,515,497,388,402,474,394,350
Crimesregistados20141993porlocalizacao,635951168556340489,2016-04-01T14:14:16.6811829Z,229604b4-58cf-420f-a16d-cdc51b8310d5,Lisboa,Alenquer,1035,1139,1267,1490,1401,1342,1676,1929,2035,1638,1674,1593,1440,1083,1053,960,837,801,802,649,868,738
Crimesregistados20141993porlocalizacao,635951168557746793,2016-04-01T14:14:16.825205Z,ebe2183b-53eb-4a75-84a9-d7eb5e3fba32,Lisboa,Amadora,6376,7246,8220,8080,8698,9085,8342,8017,7915,7075,7923,7968,8289,7511,6703,6866,7175,6432,6179,7569,8074,7811
Crimesregistados20141993porlocalizacao,635951168559309353,2016-04-01T14:14:16.9812291Z,36304c11-5ceb-4475-ab40-b328844a15df,Lisboa,Arruda dos Vinhos,285,351,453,364,399,437,439,362,332,271,233,258,167,118,163,128,140,151,113,122,147,107
Crimesregistados20141993porlocalizacao,635951168560715657,2016-04-01T14:14:17.1392507Z,00f2c702-c7aa-4a67-8b21-1ac38ea1765e,Lisboa,Azambuja,723,821,855,834,785,905,921,766,806,645,662,631,563,537,467,472,498,459,420,476,460,400
Crimesregistados20141993porlocalizacao,635951168562590729,2016-04-01T14:14:17.3192775Z,dc4598f4-e8b3-4588-be38-2e13759ab64a,Lisboa,Cadaval,361,479,643,503,446,500,436,438,432,397,309,317,251,231,185,176,147,173,148,130,158,116
Crimesregistados20141993porlocalizacao,635951168563997033,2016-04-01T14:14:17.4622972Z,693289e8-abea-437f-b706-b679eb4791e7,Lisboa,Cascais,6693,6809,8758,8733,8667,9038,9244,9092,9694,10056,11044,10761,9963,9481,9835,8633,8249,8190,8836,8964,9092,8232
Crimesregistados20141993porlocalizacao,635951168565403337,2016-04-01T14:14:17.6053188Z,60523ff0-ac90-42a0-9c6a-bf77823f068b,Lisboa,Lisboa,37803,36958,40512,42501,42223,41405,46485,39596,43061,41318,47094,47979,47040,48371,51963,52435,52350,48936,54102,61813,73390,68115
Crimesregistados20141993porlocalizacao,635951168567122153,2016-04-01T14:14:17.7603421Z,2face08d-50f3-45b7-b363-9b893a943317,Lisboa,Loures,6396,7270,7509,8374,8264,7257,6849,6509,6572,5856,6841,6725,7073,6420,9832,9355,9340,8743,8482,8372,9159,9335
Crimesregistados20141993porlocalizacao,635951168568528457,2016-04-01T14:14:17.9113674Z,954c436d-10c5-49da-a707-d27260da73be,Lisboa,Lourinhã,653,702,1023,858,819,857,805,769,884,872,848,862,708,515,611,495,474,452,496,416,385,397
Crimesregistados20141993porlocalizacao,635951168571497321,2016-04-01T14:14:18.2044073Z,a851253a-d99e-49c9-aa2d-049d1250b712,Lisboa,Mafra,2162,2196,2571,2839,3180,3167,3187,2824,2448,2353,2425,2188,2050,1504,1382,1182,1087,944,970,917,709,724
Crimesregistados20141993porlocalizacao,635951168572903625,2016-04-01T14:14:18.331428Z,7dde8eac-837d-4a61-b082-317360721e0e,Lisboa,Odivelas,3737,3742,4040,4400,4637,4936,4983,4722,4739,4218,4537,4646,3282,2563,67,64,..,..,..,..,..,..
Crimesregistados20141993porlocalizacao,635951168573997417,2016-04-01T14:14:18.4504445Z,a0732cbc-59f2-4971-95f9-5be8b61c6cf0,Lisboa,Oeiras,4909,5231,5927,5698,5854,5722,6230,6059,5875,5847,6454,6561,6350,6070,5470,5625,6501,6732,5793,6216,6232,5149
Crimesregistados20141993porlocalizacao,635951168575403721,2016-04-01T14:14:18.5874639Z,193dc143-4356-4140-8d1d-9ea4df51fc86,Lisboa,Sintra,10463,11495,13016,13949,14706,17187,16171,14288,12710,12658,13647,12828,11389,10674,10161,10121,10318,9703,9682,8692,8326,7178
Crimesregistados20141993porlocalizacao,635951168576653769,2016-04-01T14:14:18.7234864Z,7531393b-c149-4664-bbe2-338645de4e3e,Lisboa,Sobral de Monte Agraço,263,329,389,439,367,367,374,371,352,305,304,336,272,204,192,139,106,124,108,102,167,104
Crimesregistados20141993porlocalizacao,635951168578060073,2016-04-01T14:14:18.8535031Z,cf9502e2-5a36-4308-8b06-df3b382c369d,Lisboa,Torres Vedras,2023,2064,2587,2611,2653,2386,2538,1916,2119,2277,2261,2075,1989,1679,2180,1993,1815,1751,1621,1645,1768,1660
Crimesregistados20141993porlocalizacao,635951168579466377,2016-04-01T14:14:19.002524Z,b285f84f-a95e-4805-9f4c-93466bfa0795,Lisboa,Vila Franca de Xira,3408,3795,3884,3941,4075,4121,3628,4475,4983,4098,3989,3885,3383,3120,3264,3031,3005,3202,2866,2726,2475,2239
Crimesregistados20141993porlocalizacao,635951168582278985,2016-04-01T14:14:19.2835647Z,4d4a6fba-3266-4e92-af39-7bb1989ce8c2,Portalegre,Alter do Chão,78,94,185,96,105,103,95,103,148,129,105,123,129,124,79,113,108,66,55,69,45,51
Crimesregistados20141993porlocalizacao,635951168583841545,2016-04-01T14:14:19.4325878Z,c7f55b52-de4e-45d1-9582-f3da9397d0ff,Portalegre,Arronches,59,30,43,34,28,22,36,30,44,40,40,28,28,33,47,46,31,40,12,12,10,14
Crimesregistados20141993porlocalizacao,635951168585404105,2016-04-01T14:14:19.5916142Z,9f26d15b-6f24-4268-b959-babc8ffd59c6,Portalegre,Avis,169,227,136,128,131,102,77,64,76,119,107,142,154,139,147,155,153,128,87,104,115,78
Crimesregistados20141993porlocalizacao,635951168587122921,2016-04-01T14:14:19.7616364Z,d33fd4e3-600c-481e-86d3-eaf5a137acca,Portalegre,Campo Maior,405,299,369,252,218,245,208,197,196,223,240,205,234,214,170,179,158,132,128,144,226,188
Crimesregistados20141993porlocalizacao,635951168588997993,2016-04-01T14:14:19.9556663Z,1cee4ab0-72bf-4c57-b5e8-80d543e0554f,Portalegre,Castelo de Vide,46,49,55,46,67,53,50,53,52,62,64,87,49,52,48,56,37,41,54,41,40,39
Crimesregistados20141993porlocalizacao,635951168590248041,2016-04-01T14:14:20.0856849Z,3a702e08-31b1-4a02-871f-f08c2660c8f0,Portalegre,Crato,92,99,87,111,71,66,69,46,55,92,63,68,72,52,77,58,43,48,29,40,31,24
Crimesregistados20141993porlocalizacao,635951168601654729,2016-04-01T14:14:21.2208504Z,d9567860-5007-4396-ada1-226f1c69ad86,Portalegre,Elvas,870,911,838,995,945,1085,927,943,930,978,1148,954,866,910,815,888,798,860,893,750,798,709
Crimesregistados20141993porlocalizacao,635951168603061033,2016-04-01T14:14:21.3558704Z,1df2026d-3123-48c9-8e8d-2bdc5f52c5c6,Portalegre,Fronteira,58,49,49,43,64,67,99,100,124,115,97,93,96,59,53,44,66,49,60,54,39,45
Crimesregistados20141993porlocalizacao,635951168604154825,2016-04-01T14:14:21.4628904Z,15863d22-cae5-47d0-9168-cf327c694f0c,Portalegre,Gavião,102,123,102,141,80,72,53,49,56,84,124,55,74,72,122,93,67,64,52,70,71,47
Crimesregistados20141993porlocalizacao,635951168608998761,2016-04-01T14:14:21.9519588Z,2c0890fc-f70e-4938-89b3-69e9f93925ae,Portalegre,Marvão,64,72,65,51,26,48,52,59,80,81,58,99,41,54,73,60,30,32,20,29,29,23
Crimesregistados20141993porlocalizacao,635951168610405065,2016-04-01T14:14:22.0879803Z,f630320f-a55d-4e18-915d-b5b40fb3d574,Portalegre,Monforte,79,51,67,66,30,24,25,47,50,61,61,75,77,85,79,49,53,37,44,45,67,82
Crimesregistados20141993porlocalizacao,635951168611811369,2016-04-01T14:14:22.2270006Z,ca4b3237-1967-4097-a833-80066bddb6dd,Portalegre,Nisa,107,161,196,144,106,107,93,94,146,181,187,137,163,174,141,129,129,121,141,133,147,108
Crimesregistados20141993porlocalizacao,635951168613842697,2016-04-01T14:14:22.4330306Z,dd1c4cef-85cd-45e3-bf99-5b5a9ce0206f,Portalegre,Ponte de Sor,473,502,639,595,581,513,629,528,573,721,730,600,446,391,356,281,268,282,255,251,235,218
Crimesregistados20141993porlocalizacao,635951168615249001,2016-04-01T14:14:22.5820523Z,ac78885a-f85a-4407-8702-fdfc2dcee962,Portalegre,Portalegre,465,521,610,638,549,538,712,905,893,798,856,945,813,725,794,763,739,801,807,837,650,543
Crimesregistados20141993porlocalizacao,635951168616499049,2016-04-01T14:14:22.7110694Z,1f7ee806-2786-427f-b9bc-622094415119,Portalegre,Sousel,67,56,65,59,57,71,59,109,103,84,115,100,118,92,107,90,108,92,115,90,74,82
Crimesregistados20141993porlocalizacao,635951168620405449,2016-04-01T14:14:23.0921283Z,09004999-6fd8-4721-867b-f20ddb148435,Porto,Amarante,1382,1432,1645,1635,1810,2020,1868,1782,1735,1742,1608,1751,1598,1531,1443,1251,1340,1320,1090,923,920,844
Crimesregistados20141993porlocalizacao,635951168623061801,2016-04-01T14:14:23.3611659Z,bd99d700-96bf-4955-a1c1-991c3473eb74,Porto,Baião,418,518,665,587,545,615,603,492,536,521,570,493,385,269,257,220,220,206,197,233,191,178
Crimesregistados20141993porlocalizacao,635951168624468105,2016-04-01T14:14:23.4931848Z,0a7450fb-9480-4b2e-9fe8-ad8b1dabb51b,Porto,Felgueiras,1753,1875,1919,2063,2238,2155,2089,1776,1950,1876,1723,1710,1596,1354,1124,1018,996,911,860,816,707,735
Crimesregistados20141993porlocalizacao,635951168625718153,2016-04-01T14:14:23.6322069Z,1fdadfde-42d1-4678-b6dc-dd45a1a07ab8,Porto,Gondomar,4242,4100,4492,4619,5111,5539,4726,4945,4907,4836,4858,5548,5423,5728,4680,5226,3668,3458,3302,3481,2953,3039
Crimesregistados20141993porlocalizacao,635951168627124457,2016-04-01T14:14:23.7692255Z,17a05a95-4860-470c-bd63-631f7fe26ae5,Porto,Lousada,856,985,1304,1274,1140,1052,999,930,960,968,1029,978,728,700,551,558,567,496,413,353,279,267
Crimesregistados20141993porlocalizacao,635951168628374505,2016-04-01T14:14:23.886242Z,4def9bb9-19c9-4372-97ec-69cefda247dd,Porto,Maia,4322,4384,4610,4508,4346,4778,4805,4124,4005,3898,4531,4639,3579,3862,3743,3799,3182,3626,3431,3551,3439,3119
Crimesregistados20141993porlocalizacao,635951168629780809,2016-04-01T14:14:24.029264Z,35c28f5f-b229-46d2-a24c-e016121b1d6a,Porto,Marco de Canaveses,1154,1140,1265,1370,1491,1607,1585,1417,1257,1204,1047,1040,1019,986,891,648,599,453,411,416,422,360
Crimesregistados20141993porlocalizacao,635951168630874601,2016-04-01T14:14:24.1482814Z,0aba4121-8f68-4e66-97eb-e9b4c7c40c4d,Porto,Matosinhos,6077,6083,6026,6705,6532,6579,6361,6550,7421,6354,6826,6685,6796,6566,6645,7363,5896,5984,5736,5049,5311,4148
Crimesregistados20141993porlocalizacao,635951168632280905,2016-04-01T14:14:24.2873017Z,65fec14a-cd1e-4fc1-83de-603007035f16,Porto,Paços de Ferreira,1408,1603,1623,1633,1673,1672,1599,1365,1280,1218,1409,1567,1150,1041,853,855,866,903,564,577,470,383
Crimesregistados20141993porlocalizacao,635951168633530953,2016-04-01T14:14:24.3973182Z,931112ef-13bf-42de-9886-4c68e62e03e8,Porto,Paredes,2147,2620,2420,2563,2455,2569,2432,2288,2175,1979,2094,2574,2153,1873,1633,1366,1342,1303,1012,869,1013,813
Crimesregistados20141993porlocalizacao,635951168634624745,2016-04-01T14:14:24.5123353Z,0d3c43ed-20fc-483d-ac95-5b1dc4fe3198,Porto,Penafiel,1729,1760,1710,1773,1816,2030,2221,1887,1974,2190,2032,1962,1496,1544,1591,1371,1206,964,849,766,897,772
Crimesregistados20141993porlocalizacao,635951168635874793,2016-04-01T14:14:24.6353534Z,0ddf0115-5f6b-48cc-869b-62bb82a40196,Porto,Porto,15212,15638,15970,15987,16761,17383,15793,14984,15071,14440,16178,17463,17891,21238,21666,28835,24102,18651,19277,18884,19557,22243
Crimesregistados20141993porlocalizacao,635951168637124841,2016-04-01T14:14:24.7723715Z,e69e81dd-8e97-4e98-8840-510ec0529d8f,Porto,Póvoa de Varzim,1423,1573,1785,1681,1841,1863,1842,1763,2023,1879,2215,2102,1697,1481,1526,1743,1465,1300,1397,1228,1377,1332
Crimesregistados20141993porlocalizacao,635951168638374889,2016-04-01T14:14:24.8953906Z,4e834bc0-c3ff-4ecd-9126-671e7f185537,Porto,Santo Tirso,1341,1376,1612,1772,1944,2017,1813,1720,1966,1786,1579,1613,2491,2282,2036,2196,1973,1650,1836,1695,1527,1413
Crimesregistados20141993porlocalizacao,635951168639624937,2016-04-01T14:14:25.0124112Z,ff5e8e68-ff93-493a-b4a0-e93b89bee7d9,Porto,Trofa,994,1041,1013,998,1037,1202,1311,1025,1065,988,931,1107,15,11,8,..,..,..,..,..,..,..
Crimesregistados20141993porlocalizacao,635951168640718729,2016-04-01T14:14:25.1174236Z,8307b1a7-d764-45a3-9f72-39f86e0530cb,Porto,Valongo,2486,2421,2450,2558,2738,3168,2922,2971,2965,2744,2927,3223,2929,2655,2637,2598,2415,2522,2310,1760,1592,1772
Crimesregistados20141993porlocalizacao,635951168641812521,2016-04-01T14:14:25.2334404Z,c61dbdbb-4b50-4718-95d6-a9871e59f2e9,Porto,Vila do Conde,2105,2460,2612,2453,2585,2713,2480,2188,2538,2412,2551,2530,2241,2115,1993,1931,1893,1692,1512,1424,1310,1262
Crimesregistados20141993porlocalizacao,635951168642906313,2016-04-01T14:14:25.3484579Z,b641fdd2-9d76-49dd-a87b-02f907c44a95,Porto,Vila Nova de Gaia,9145,9888,10042,10285,9462,10040,9737,9740,9496,9506,10384,10980,11050,10902,9147,8587,8569,6272,5138,4642,4156,3770
Crimesregistados20141993porlocalizacao,635951168645562665,2016-04-01T14:14:25.6104955Z,56274a77-9fd7-4e72-bea0-156b2fc692ed,Santarém,Abrantes,790,883,1015,1038,1285,1351,1116,1091,921,877,928,899,771,917,760,885,878,707,789,844,863,876
Crimesregistados20141993porlocalizacao,635951168646812713,2016-04-01T14:14:25.7305139Z,1f70ca35-ed92-462a-8efd-41b5621c7444,Santarém,Alcanena,404,415,427,381,363,410,383,399,504,398,372,244,283,227,173,140,191,229,216,263,273,247
Crimesregistados20141993porlocalizacao,635951168647906505,2016-04-01T14:14:25.8465325Z,1b81dd2a-02a4-400a-adbd-04589d880220,Santarém,Almeirim,781,879,913,947,991,840,932,932,911,747,550,554,527,513,495,540,426,455,445,444,334,338
Crimesregistados20141993porlocalizacao,635951168649156553,2016-04-01T14:14:25.9715483Z,d745d848-a881-4851-9f95-ae485b108a7f,Santarém,Alpiarça,272,239,333,320,308,223,247,224,279,217,206,212,212,170,116,118,128,95,136,145,142,103
Crimesregistados20141993porlocalizacao,635951168650406601,2016-04-01T14:14:26.1015683Z,df787032-4f76-4778-98ef-b5d0493448da,Santarém,Benavente,1332,1488,1535,1384,1383,1433,1279,1120,1225,1058,1039,875,960,837,787,877,843,906,806,791,727,652
Crimesregistados20141993porlocalizacao,635951168651969161,2016-04-01T14:14:26.2465897Z,85987524-02ea-41c9-b708-e661240dea00,Santarém,Cartaxo,796,896,987,933,835,684,697,672,830,701,593,674,745,725,609,587,595,513,490,517,611,529
Crimesregistados20141993porlocalizacao,635951168653219209,2016-04-01T14:14:26.3766083Z,f1180d55-c498-44fb-aa2b-418faf3f8d41,Santarém,Chamusca,324,456,414,432,429,354,316,320,326,301,336,345,318,238,227,277,198,219,191,188,201,217
Crimesregistados20141993porlocalizacao,635951168654469257,2016-04-01T14:14:26.5166338Z,ce38a9df-f117-4846-92aa-41ba927864b2,Santarém,Constância,158,172,167,157,134,97,112,131,124,107,164,126,97,80,64,106,102,91,86,120,83,54
Crimesregistados20141993porlocalizacao,635951168655719305,2016-04-01T14:14:26.6476494Z,a203327a-70a0-40d9-8153-418712bed8fa,Santarém,Coruche,625,643,912,835,802,618,512,523,452,498,397,502,445,419,373,415,422,394,389,396,430,308
Crimesregistados20141993porlocalizacao,635951168657125609,2016-04-01T14:14:26.7776679Z,0fd89d13-f8f5-4e27-9c0d-68ab4960c302,Santarém,Entroncamento,540,485,509,536,509,562,400,400,373,356,412,362,374,324,410,407,358,338,291,427,346,352
Crimesregistados20141993porlocalizacao,635951168658375657,2016-04-01T14:14:26.8896835Z,0060dc71-127d-44b4-9fc6-dc9381929979,Santarém,Ferreira do Zêzere,238,291,285,303,323,379,345,377,334,393,329,330,228,209,301,326,299,238,168,233,235,196
Crimesregistados20141993porlocalizacao,635951168659469449,2016-04-01T14:14:26.9977024Z,58fb4bbe-78ac-4034-809e-1f64dd602dd2,Santarém,Golegã,202,174,254,230,209,159,155,184,155,143,160,152,146,151,159,174,148,152,102,111,124,126
Crimesregistados20141993porlocalizacao,635951168661188265,2016-04-01T14:14:27.1667257Z,f882ef02-ce46-48fc-a304-47b5b99126fb,Santarém,Mação,149,192,201,174,175,245,234,210,171,248,230,273,220,161,150,125,152,148,123,171,172,142
Crimesregistados20141993porlocalizacao,635951168662282057,2016-04-01T14:14:27.288741Z,39173785-718c-4ca4-9ee0-65285894cb35,Santarém,Rio Maior,777,777,914,941,885,838,776,795,644,809,754,846,675,660,841,709,577,477,437,489,437,399
Crimesregistados20141993porlocalizacao,635951168663688361,2016-04-01T14:14:27.4217624Z,7ef93cf6-e83c-4999-ba92-6c59a6ae40bc,Santarém,Salvaterra de Magos,678,822,864,821,863,779,759,751,808,794,680,715,670,552,505,544,595,373,433,344,320,282
Crimesregistados20141993porlocalizacao,635951168664938409,2016-04-01T14:14:27.5457821Z,597278d6-987d-465e-bcb1-5645cf6169a7,Santarém,Santarém,1948,2042,2231,2516,2450,2273,2484,2739,2726,2418,2763,2713,2577,2691,2682,2612,2362,2560,2837,2596,2331,2225
Crimesregistados20141993porlocalizacao,635951168666188457,2016-04-01T14:14:27.679801Z,1d2057ce-5a04-4520-b11d-c0f6c243bb62,Santarém,Sardoal,64,99,82,75,97,99,88,123,130,134,103,83,70,75,84,86,69,69,68,96,69,61
Crimesregistados20141993porlocalizacao,635951168667438505,2016-04-01T14:14:27.8038184Z,0472328b-4c7a-4718-9f9c-3b136e5d53a4,Santarém,Tomar,1475,1581,1628,1263,1430,1494,1235,1184,1209,1237,1442,1412,1452,1354,1496,1573,1538,1338,1237,1331,1425,1436
Crimesregistados20141993porlocalizacao,635951168669001065,2016-04-01T14:14:27.9508429Z,56094efe-b41c-44d4-bca8-df163fd869e9,Santarém,Torres Novas,1056,1126,1179,1073,1133,1052,1031,989,1028,878,894,744,736,784,746,803,827,698,554,561,537,546
Crimesregistados20141993porlocalizacao,635951168670251113,2016-04-01T14:14:28.0728582Z,7207816b-3d4c-4987-b343-e60ba02ea6f1,Santarém,Vila Nova da Barquinha,161,189,201,147,182,167,163,208,171,190,161,187,172,163,162,206,158,116,136,131,161,140
Crimesregistados20141993porlocalizacao,635951168671969929,2016-04-01T14:14:28.2528881Z,3981bc9d-6922-468e-a99d-6b5d08f2613a,Santarém,Ourém,1179,1267,1476,1524,1471,1499,1540,1526,1395,1378,1625,1343,1341,1260,1231,1332,1591,1377,1340,1203,1212,1004
Crimesregistados20141993porlocalizacao,635951168674626281,2016-04-01T14:14:28.5059208Z,55e9e208-3369-46c1-9f45-304befafa4f9,Setúbal,Alcácer do Sal,402,390,417,345,375,465,353,472,435,402,363,364,382,292,283,245,262,205,181,185,147,161
Crimesregistados20141993porlocalizacao,635951168680876521,2016-04-01T14:14:29.1480175Z,23c1e6ed-7d11-438b-b11a-bdeaeb12787c,Setúbal,Alcochete,607,588,559,706,723,736,818,658,658,574,532,541,434,342,302,374,280,232,208,216,217,169
Crimesregistados20141993porlocalizacao,635951168682282825,2016-04-01T14:14:29.2850361Z,f84c2b39-6050-4f5d-9f96-1586c6881345,Setúbal,Almada,7275,7200,7388,7231,7431,7422,8428,8061,7582,7340,7318,8121,8550,7819,7335,7328,6282,5521,6296,6724,6384,5997
Crimesregistados20141993porlocalizacao,635951168683689129,2016-04-01T14:14:29.4170573Z,efdbc529-ae3a-4bc8-9c63-a22990a224a1,Setúbal,Barreiro,2868,3341,3179,3312,3201,2937,2684,3017,3044,2665,2869,2393,2923,2897,3045,3194,2746,2644,2815,2570,2751,2650
Crimesregistados20141993porlocalizacao,635951168684939177,2016-04-01T14:14:29.5500756Z,c5143aab-39e7-4ebb-b5e4-be91772404c6,Setúbal,Grândola,615,735,612,572,481,495,354,503,509,380,449,455,466,345,315,367,390,316,379,258,265,242
Crimesregistados20141993porlocalizacao,635951168686345481,2016-04-01T14:14:29.6920951Z,044db3ea-ab35-4952-803d-8151e2ceef13,Setúbal,Moita,2143,2619,2574,2617,2589,2806,2922,2974,2782,2366,2506,2188,2192,1989,1886,2323,2067,1715,1520,1388,1770,1785
Crimesregistados20141993porlocalizacao,635951168687908041,2016-04-01T14:14:29.8551195Z,0e85bad7-1a4d-41c5-b764-0faff033d56f,Setúbal,Montijo,1994,2188,2121,2023,2122,2097,2277,2044,1854,1854,1704,1544,1343,1162,1190,1404,1228,1016,878,973,937,798
Crimesregistados20141993porlocalizacao,635951168689314345,2016-04-01T14:14:29.993141Z,1d0234e5-1755-4d71-9034-1bc770149134,Setúbal,Palmela,2764,3192,3341,3302,3115,3187,3349,3156,2841,2428,2475,2250,2119,1715,1813,1686,1419,1392,914,1154,1041,805
Crimesregistados20141993porlocalizacao,635951168690876905,2016-04-01T14:14:30.1311638Z,3f64b646-45b0-47aa-8a85-234278a02226,Setúbal,Santiago do Cacém,675,722,827,724,760,763,882,902,777,837,832,811,724,647,529,584,422,522,435,593,779,693
Crimesregistados20141993porlocalizacao,635951168691814441,2016-04-01T14:14:30.2411763Z,b125b866-764f-48c5-a6c0-f3914fc011c1,Setúbal,Seixal,4946,5102,5835,6070,6125,6127,7086,6425,5742,5964,6698,6315,6814,5575,5540,5431,5024,4606,4509,4597,3856,3428
Crimesregistados20141993porlocalizacao,635951168692908233,2016-04-01T14:14:30.3491943Z,bad1a268-c686-4e3b-9de7-3fe32a98205e,Setúbal,Sesimbra,2175,2387,2412,2370,1962,1875,2219,2144,2146,1737,1682,1600,1604,1176,1129,1092,1003,1038,926,1151,821,803
Crimesregistados20141993porlocalizacao,635951168694314537,2016-04-01T14:14:30.4722138Z,b7962a19-6d8d-4d7c-99f8-d25e8d742b2a,Setúbal,Setúbal,4877,5005,5604,6031,6016,5813,7052,7137,7182,7237,8339,7384,7230,7110,6803,7126,5683,5172,5455,5350,5324,4656
Crimesregistados20141993porlocalizacao,635951168695408329,2016-04-01T14:14:30.6002297Z,9e981262-16e8-4e18-8af6-240dbf99108d,Setúbal,Sines,543,599,726,602,444,432,466,541,503,617,700,538,570,552,392,335,324,326,344,332,380,403
Crimesregistados20141993porlocalizacao,635951168697908425,2016-04-01T14:14:30.8532673Z,16833983-3c41-4974-8221-29fbb44a1b9b,Viana do Castelo,Arcos de Valdevez,604,711,722,786,778,729,595,550,750,695,617,627,689,622,642,715,687,519,533,616,519,423
Crimesregistados20141993porlocalizacao,635951168699158473,2016-04-01T14:14:30.9652847Z,9757ccc8-f48e-444d-b598-59d31d7f231a,Viana do Castelo,Caminha,590,727,767,790,823,819,781,745,816,791,776,596,660,559,494,408,449,418,444,469,519,650
Crimesregistados20141993porlocalizacao,635951168700408521,2016-04-01T14:14:31.0953065Z,93ea70a1-0921-4def-a007-7b6f30188192,Viana do Castelo,Melgaço,229,258,242,227,214,207,163,158,154,172,179,138,102,120,123,109,82,97,92,97,88,79
Crimesregistados20141993porlocalizacao,635951168701971081,2016-04-01T14:14:31.2553281Z,215300e5-2a74-48fa-af6a-0795ecb678e4,Viana do Castelo,Monção,534,670,589,561,541,455,319,281,336,369,406,348,277,259,245,277,258,309,319,326,257,242
Crimesregistados20141993porlocalizacao,635951168703064873,2016-04-01T14:14:31.3703429Z,de6026d4-cbe6-4134-8431-2c21d71ea1f2,Viana do Castelo,Paredes de Coura,246,290,289,337,336,307,233,227,223,195,216,242,153,144,129,121,97,98,106,119,85,115
Crimesregistados20141993porlocalizacao,635951168704314921,2016-04-01T14:14:31.5123678Z,8d775a37-2b22-4309-b68c-bca2362a9ec7,Viana do Castelo,Ponte da Barca,355,481,416,545,634,489,318,338,419,335,363,286,303,253,193,240,260,186,214,226,193,211
Crimesregistados20141993porlocalizacao,635951168705721225,2016-04-01T14:14:31.6263806Z,18ede948-5dac-4c91-95de-1a7ebc1af55e,Viana do Castelo,Ponte de Lima,1121,1281,1174,1449,1442,1347,1172,953,907,1044,1015,1005,837,767,749,695,678,620,543,603,553,603
Crimesregistados20141993porlocalizacao,635951168706815017,2016-04-01T14:14:31.7303956Z,e17ab3f9-6965-41b3-93ab-a845263e55af,Viana do Castelo,Valença,690,888,916,828,898,790,754,696,694,734,547,552,453,428,371,406,432,396,434,455,399,335
Crimesregistados20141993porlocalizacao,635951168708221321,2016-04-01T14:14:31.8764172Z,8ccb438c-b8a6-4dc3-aa3e-0b9ee2cdb1ba,Viana do Castelo,Viana do Castelo,2382,2555,2425,2822,2753,2174,2544,2675,2849,3223,3378,3637,3082,3573,3322,3157,2530,2214,2126,2053,1839,1687
Crimesregistados20141993porlocalizacao,635951168711502697,2016-04-01T14:14:32.2074661Z,ca7754f3-5500-40e3-ae7b-da6eb4aa4337,Viana do Castelo,Vila Nova de Cerveira,378,402,341,310,405,398,338,298,299,304,274,249,211,198,183,140,154,131,149,174,141,130
Crimesregistados20141993porlocalizacao,635951168716190377,2016-04-01T14:14:32.683537Z,2b58706b-6505-4ff3-a795-4c63b0894a0d,Vila Real,Alijó,435,417,463,444,391,393,370,339,359,364,390,319,284,263,259,240,229,239,236,258,326,255
Crimesregistados20141993porlocalizacao,635951168717596681,2016-04-01T14:14:32.8115602Z,95d84df9-61c3-4d7c-88ac-751854610c22,Vila Real,Boticas,129,204,266,162,146,299,154,226,166,162,130,130,84,93,136,104,109,123,122,100,81,62
Crimesregistados20141993porlocalizacao,635951168718690473,2016-04-01T14:14:32.9215695Z,e274a810-2ded-428d-b9e7-7fbed033773a,Vila Real,Chaves,1126,1383,1449,1332,1280,1426,1181,1025,1031,1020,866,918,997,864,1077,1084,1263,1302,1233,1271,1098,1360
Crimesregistados20141993porlocalizacao,635951168719784265,2016-04-01T14:14:33.0395871Z,28b8be6a-c864-455b-94d4-b91782123281,Vila Real,Mesão Frio,137,215,208,223,171,154,148,115,155,153,105,95,100,71,78,91,94,62,57,69,72,73
Crimesregistados20141993porlocalizacao,635951168721034313,2016-04-01T14:14:33.1546033Z,78bb0468-916b-4549-97a8-a69134bf8460,Vila Real,Mondim de Basto,173,221,219,182,197,232,214,233,269,316,233,266,200,188,207,166,185,168,116,118,137,76
Crimesregistados20141993porlocalizacao,635951168722440617,2016-04-01T14:14:33.2876251Z,83603b2d-8ca9-44af-854b-af0953dac6ed,Vila Real,Montalegre,373,485,529,479,443,474,303,393,422,432,300,322,298,242,266,252,289,274,221,288,254,273
Crimesregistados20141993porlocalizacao,635951168723690665,2016-04-01T14:14:33.4196463Z,70e07261-d79f-4821-bb84-352ecce80ab0,Vila Real,Murça,176,208,222,200,187,185,175,156,189,173,189,133,124,136,178,131,149,142,127,162,126,120
Crimesregistados20141993porlocalizacao,635951168725096969,2016-04-01T14:14:33.564666Z,2734f1e8-44f0-4478-a3ad-f339fddd636e,Vila Real,Peso da Régua,473,521,664,658,593,676,584,569,697,597,490,654,576,458,408,435,432,534,494,410,407,502
Crimesregistados20141993porlocalizacao,635951168726503273,2016-04-01T14:14:33.7036858Z,c8ab1732-8713-433b-8612-ffda69dc336a,Vila Real,Ribeira de Pena,172,204,272,293,268,285,167,178,192,222,180,168,179,177,120,120,168,101,86,142,106,52
Crimesregistados20141993porlocalizacao,635951168727753321,2016-04-01T14:14:33.8387063Z,25b6f579-a563-4c07-b6f6-eed1af57a205,Vila Real,Sabrosa,142,168,160,133,143,172,126,156,140,128,80,109,109,89,100,83,95,99,72,75,44,49
Crimesregistados20141993porlocalizacao,635951168729003369,2016-04-01T14:14:33.9587234Z,80f3539b-ad69-4ef2-b9a3-be795aca8e1e,Vila Real,Santa Marta de Penaguião,175,159,158,122,167,142,95,139,172,149,168,226,160,80,90,90,69,87,70,73,82,58
Crimesregistados20141993porlocalizacao,635951168730565929,2016-04-01T14:14:34.0987457Z,2b70a810-7eea-444e-a59b-fb815eed72d1,Vila Real,Valpaços,579,642,710,745,610,706,591,519,501,525,392,387,347,313,463,345,357,412,345,331,294,290
Crimesregistados20141993porlocalizacao,635951168731972233,2016-04-01T14:14:34.2507662Z,44c48ba5-accc-4b3a-8569-d7b115b420d6,Vila Real,Vila Pouca de Aguiar,433,510,516,477,479,317,370,409,387,391,376,374,271,259,237,241,295,303,302,257,219,212
Crimesregistados20141993porlocalizacao,635951168733691049,2016-04-01T14:14:34.4197905Z,be26075d-2d7d-4c99-8eb4-1a226dea4f55,Vila Real,Vila Real,1333,1307,1361,1407,1349,1242,1699,1537,1741,1746,1912,2127,1768,1709,1529,1650,1374,1495,1458,1226,985,959
Crimesregistados20141993porlocalizacao,635951168736503657,2016-04-01T14:14:34.7138346Z,4db2461f-c4c3-488b-965b-27410fbf54a0,Viseu,Armamar,86,102,80,60,98,108,92,97,141,87,104,165,105,89,82,74,64,100,83,104,96,70
Crimesregistados20141993porlocalizacao,635951168737753705,2016-04-01T14:14:34.834851Z,bc38aa62-ade3-496d-b3dc-9bb66f9c4634,Viseu,Carregal do Sal,198,318,521,307,302,224,180,218,209,243,231,269,234,166,171,178,194,162,140,139,133,127
Crimesregistados20141993porlocalizacao,635951168738847497,2016-04-01T14:14:34.9388686Z,87477111-c5a3-4dd9-88b1-f1f6310854ac,Viseu,Castro Daire,240,304,259,209,191,189,144,164,205,202,210,225,288,236,234,271,306,233,174,160,156,141
Crimesregistados20141993porlocalizacao,635951168740097545,2016-04-01T14:14:35.0598855Z,924e219b-c3c6-4089-8ccb-0ea7c310a2da,Viseu,Cinfães,421,414,481,510,567,696,519,467,314,370,444,381,338,351,314,313,353,257,270,239,303,257
Crimesregistados20141993porlocalizacao,635951168741035081,2016-04-01T14:14:35.1579029Z,79833e55-b9fa-484c-ae43-0c877f01f933,Viseu,Lamego,481,618,513,622,550,636,508,619,486,488,385,517,443,465,431,489,430,499,571,566,537,495
Crimesregistados20141993porlocalizacao,635951168742285129,2016-04-01T14:14:35.2799172Z,12ec01e2-1013-437d-b2af-341cc561e4b0,Viseu,Mangualde,488,543,535,484,440,529,448,415,398,443,442,534,364,364,301,298,404,298,347,340,302,298
Crimesregistados20141993porlocalizacao,635951168743378921,2016-04-01T14:14:35.3929344Z,525b63f5-a26c-430d-9b5a-0cf3adef71b0,Viseu,Moimenta da Beira,195,216,215,240,270,303,287,212,245,301,294,278,220,235,168,153,160,185,157,168,170,152
Crimesregistados20141993porlocalizacao,635951168744472713,2016-04-01T14:14:35.4949489Z,cf9c84a3-231c-4ca8-8e9e-81d8efe58ded,Viseu,Mortágua,160,194,171,204,157,144,146,172,202,167,175,156,157,143,178,123,156,126,145,121,98,88
Crimesregistados20141993porlocalizacao,635951168745410249,2016-04-01T14:14:35.5989652Z,7b238712-fbc1-4b7c-87de-1dc0d99e7c9a,Viseu,Nelas,290,345,520,392,367,368,361,323,343,349,285,293,291,324,302,286,269,228,189,223,192,209
Crimesregistados20141993porlocalizacao,635951168746504041,2016-04-01T14:14:35.7069801Z,5bae008b-01e9-49ed-9bf7-b8124de9bc5d,Viseu,Oliveira de Frades,248,256,204,191,215,250,242,255,229,253,287,232,215,148,118,167,148,200,191,162,120,144
Crimesregistados20141993porlocalizacao,635951168747597833,2016-04-01T14:14:35.8219967Z,6bb9f26b-b44f-4117-997a-990750eeb18f,Viseu,Penalva do Castelo,143,136,146,141,121,152,93,137,131,85,75,71,80,100,61,92,82,75,103,73,91,45
Crimesregistados20141993porlocalizacao,635951168749004137,2016-04-01T14:14:35.9580191Z,a80001a4-fa14-4d0c-98a5-aaef8ceb229a,Viseu,Penedono,50,66,94,82,79,50,56,63,76,61,53,70,49,49,28,12,31,30,26,29,36,21
Crimesregistados20141993porlocalizacao,635951168750254185,2016-04-01T14:14:36.0870384Z,7277a40d-0565-4874-94af-a08c03bc81a7,Viseu,Resende,300,252,223,284,268,258,224,213,174,189,202,183,183,207,198,154,203,192,166,196,200,207
Crimesregistados20141993porlocalizacao,635951168751504233,2016-04-01T14:14:36.2150561Z,d330c98f-7028-48e6-aaed-d9a863a83af2,Viseu,Santa Comba Dão,244,250,295,311,342,243,367,246,353,375,402,321,308,260,262,266,265,308,304,330,348,227
Crimesregistados20141993porlocalizacao,635951168752754281,2016-04-01T14:14:36.3410748Z,a691e687-01c7-4cb9-92e6-2adb1c00032e,Viseu,São João da Pesqueira,145,141,140,124,123,142,139,175,149,156,133,100,103,106,85,117,146,131,115,121,154,104
Crimesregistados20141993porlocalizacao,635951168754160585,2016-04-01T14:14:36.4700932Z,66455d35-6dda-412f-b3aa-da996082c58a,Viseu,São Pedro do Sul,344,344,386,359,340,420,325,338,358,430,379,426,337,317,282,300,362,372,395,367,329,278
Crimesregistados20141993porlocalizacao,635951168755723145,2016-04-01T14:14:36.6181152Z,ff243bd4-79a6-4943-9dca-42734486c205,Viseu,Sátão,211,223,255,278,244,260,192,200,200,221,189,226,188,144,168,188,172,150,184,166,174,132
Crimesregistados20141993porlocalizacao,635951168756973193,2016-04-01T14:14:36.7661373Z,3f8236ab-ae63-4750-9172-0469a42c9166,Viseu,Sernancelhe,83,93,122,105,117,122,127,89,94,121,121,146,129,107,70,74,86,66,67,53,68,61
Crimesregistados20141993porlocalizacao,635951168758379497,2016-04-01T14:14:36.9031567Z,62dd8a0f-636a-4ac8-bc68-c3e5f1566453,Viseu,Tabuaço,114,100,117,90,105,75,63,97,77,105,110,129,151,97,103,98,113,132,133,115,85,124
Crimesregistados20141993porlocalizacao,635951168760879593,2016-04-01T14:14:37.1351899Z,64753968-71a7-40e1-a9eb-351f101dd37e,Viseu,Tarouca,123,172,169,168,164,191,214,191,170,176,143,144,115,100,98,118,106,99,88,132,129,138
Crimesregistados20141993porlocalizacao,635951168761973385,2016-04-01T14:14:37.2592078Z,3c6f3141-3321-49ba-8b10-04aa462c40be,Viseu,Tondela,579,582,754,725,844,624,541,573,588,578,557,632,554,562,553,541,575,528,516,469,517,425
Crimesregistados20141993porlocalizacao,635951168763379689,2016-04-01T14:14:37.3912276Z,d3c792ac-204c-4b9b-a0fd-2a3b641c6cbd,Viseu,Vila Nova de Paiva,118,124,161,190,179,144,147,156,99,134,92,162,106,104,102,66,86,49,72,117,90,60
Crimesregistados20141993porlocalizacao,635951168764473481,2016-04-01T14:14:37.5102468Z,ae25bb6b-b64f-46ae-b3c0-4664b46f0cdf,Viseu,Viseu,2784,3153,3387,3233,3292,3412,3124,2786,3156,3197,3498,3576,3108,2738,2592,2646,2550,2515,2507,2367,2365,1900
Crimesregistados20141993porlocalizacao,635951168765723529,2016-04-01T14:14:37.6302621Z,086704a1-0191-4d45-95a0-fbb133782bfd,Viseu,Vouzela,304,249,268,293,330,289,281,239,254,308,311,287,239,127,153,124,124,155,120,117,106,81
Crimesregistados20141993porlocalizacao,635951168769004905,2016-04-01T14:14:37.9913154Z,bae3f40d-4d07-46a1-965c-800d40586bd5,Ilha da Madeira,Calheta (Madeira),145,155,244,197,162,203,322,256,239,325,300,336,502,418,387,366,356,330,332,272,233,223
Crimesregistados20141993porlocalizacao,635951168770567465,2016-04-01T14:14:38.1203343Z,8269c071-7b7e-4b87-886c-95abb6d10aae,Ilha da Madeira,Câmara de Lobos,813,808,905,936,883,965,934,841,776,881,906,1033,919,1033,1020,987,954,805,711,665,517,471
Crimesregistados20141993porlocalizacao,635951168771817513,2016-04-01T14:14:38.2353541Z,2be2c411-253e-406d-bfb0-33d481a38798,Ilha da Madeira,Funchal,2936,3258,3208,3493,3793,3896,3615,4077,4002,4182,4281,4553,4959,4437,3598,2889,3021,3342,3462,3032,3321,3321
Crimesregistados20141993porlocalizacao,635951168773380073,2016-04-01T14:14:38.4093783Z,536bc12c-f33b-4382-9c9d-e9617eb3a1ba,Ilha da Madeira,Machico,563,528,657,780,729,656,626,583,650,755,620,746,617,549,510,420,404,420,386,476,639,412
Crimesregistados20141993porlocalizacao,635951168774630121,2016-04-01T14:14:38.5223946Z,2014a34a-c2fa-4130-8e22-6d62de9a05c6,Ilha da Madeira,Ponta do Sol,177,180,167,157,188,224,210,243,171,170,163,153,176,205,174,150,167,135,154,186,166,140
Crimesregistados20141993porlocalizacao,635951168776036425,2016-04-01T14:14:38.6854199Z,43a9a9f1-510d-4b6f-9685-7c7f670d3832,Ilha da Madeira,Porto Moniz,86,60,106,73,86,87,98,106,103,95,135,102,154,77,99,78,86,88,100,68,..,..
Crimesregistados20141993porlocalizacao,635951168777598985,2016-04-01T14:14:38.824438Z,b6cae9c7-400e-49f0-9022-59aa0aba512d,Ilha da Madeira,Ribeira Brava,315,367,411,472,450,414,474,619,560,592,468,622,670,656,628,645,604,444,369,298,354,277
Crimesregistados20141993porlocalizacao,635951168779005289,2016-04-01T14:14:38.9684597Z,ca0a4ea1-8354-4d20-87a7-3a5a41e6b462,Ilha da Madeira,São Vicente,136,160,173,147,197,175,159,111,229,227,183,194,227,198,183,183,138,130,128,188,496,330
Crimesregistados20141993porlocalizacao,635951168780255337,2016-04-01T14:14:39.0854776Z,c680d027-6060-4bff-b625-6d2ce7706880,Ilha da Madeira,Santa Cruz,725,729,836,833,940,1017,836,974,866,769,1029,1093,939,1080,824,780,773,741,782,850,888,584
Crimesregistados20141993porlocalizacao,635951168781349129,2016-04-01T14:14:39.1954928Z,712c7aed-fc2d-413b-ba3d-ec72f81285e4,Ilha da Madeira,Santana,154,114,141,160,221,198,175,192,184,179,175,146,157,171,188,132,204,240,257,158,210,229
Crimesregistados20141993porlocalizacao,635951168784474249,2016-04-01T14:14:39.5055395Z,8479f7d9-d549-4c9c-a106-12dec2036c77,Ilha de Porto Santo,Porto Santo,134,144,142,131,124,171,213,363,403,267,287,380,308,334,310,199,195,205,118,98,96,104
Crimesregistados20141993porlocalizacao,635951168786036809,2016-04-01T14:14:39.6585593Z,8672880b-3899-4245-a958-f8f2016fbe77,Ilha de Santa Maria,Vila do Porto,150,124,171,177,144,199,172,186,169,172,181,194,190,238,263,191,235,173,93,81,101,109
Crimesregistados20141993porlocalizacao,635951168787130601,2016-04-01T14:14:39.762577Z,b773850d-edc5-4669-b7ac-41e4b70acd77,Ilha de São Miguel,Lagoa (Açores),329,505,670,673,744,903,759,678,609,559,607,563,366,366,469,546,579,448,506,462,448,316
Crimesregistados20141993porlocalizacao,635951168788224393,2016-04-01T14:14:39.8765934Z,35ffaeed-a862-4b56-90b7-f6f327b25b59,Ilha de São Miguel,Nordeste,131,132,191,133,118,137,143,139,111,116,100,90,90,130,111,107,97,68,70,60,63,47
Crimesregistados20141993porlocalizacao,635951168789318185,2016-04-01T14:14:39.9926079Z,070deb1a-32da-4f75-903f-9b790459f347,Ilha de São Miguel,Ponta Delgada,3320,3463,3696,3523,3832,3358,4128,4196,3951,3681,3350,3892,2919,3065,2236,1806,1796,1578,1761,1873,1758,1575
Crimesregistados20141993porlocalizacao,635951168790724489,2016-04-01T14:14:40.1296328Z,f1c2294f-e3f7-43a8-b8aa-72315885d94c,Ilha de São Miguel,Povoação,229,201,223,191,184,298,302,320,296,350,276,273,206,180,247,228,232,300,247,213,169,222
Crimesregistados20141993porlocalizacao,635951168792130793,2016-04-01T14:14:40.2806541Z,545878b3-e1b2-4865-9731-da8b9e1f1207,Ilha de São Miguel,Ribeira Grande,1640,1851,1719,1629,1587,1978,1794,1624,1522,1266,1339,1399,1076,1209,1143,1206,1200,1067,984,893,868,852
Crimesregistados20141993porlocalizacao,635951168793537097,2016-04-01T14:14:40.412673Z,2456c380-d402-4f18-b3b1-a952121ea809,Ilha de São Miguel,Vila Franca do Campo,232,283,338,465,429,435,366,474,371,347,337,448,277,317,332,349,344,371,399,404,275,336
Crimesregistados20141993porlocalizacao,635951168796037193,2016-04-01T14:14:40.6937155Z,dc9443b6-02f1-4fab-9c7b-d3e2ebc07062,Ilha Terceira,Angra do Heroísmo,1117,1310,1317,1361,1341,1257,1405,1410,1522,1657,1647,1527,1450,1587,1461,1343,1390,1877,1552,1517,1587,1172
Crimesregistados20141993porlocalizacao,635951168797756009,2016-04-01T14:14:40.8447372Z,e46c032c-9417-480b-b297-3756312ff87d,Ilha Terceira,Vila Praia da Vitória,592,625,682,744,730,757,609,568,526,700,597,645,549,777,796,710,612,704,705,775,760,581
Crimesregistados20141993porlocalizacao,635951168806193833,2016-04-01T14:14:41.6828603Z,694d22e2-d194-4460-b770-aceef6efccb6,Ilha da Graciosa,Santa Cruz Graciosa (R.A.A),108,123,139,139,130,84,83,81,104,122,58,95,102,71,60,81,94,79,131,66,92,48
Crimesregistados20141993porlocalizacao,635951168807756393,2016-04-01T14:14:41.8388811Z,f5c3973d-4988-42d9-8138-976eefe1e3e4,Ilha de São Jorge,Calheta (Açores),60,82,68,106,153,97,74,67,66,96,88,86,81,57,33,27,26,27,18,40,29,36
Crimesregistados20141993porlocalizacao,635951168809318953,2016-04-01T14:14:41.9759015Z,a87b94ef-704b-401c-9a6a-d7c4536c7a1a,Ilha de São Jorge,Velas (R.A.A.),191,247,173,140,192,196,104,88,120,197,199,214,151,137,165,94,94,74,57,68,46,63
Crimesregistados20141993porlocalizacao,635951168811975305,2016-04-01T14:14:42.250942Z,6b9d1faa-7eb8-44e4-9dda-037f7c5649d5,Ilha do Pico,Lajes do Pico,79,105,91,85,68,83,94,82,108,130,92,82,77,79,87,95,89,51,46,53,72,58
Crimesregistados20141993porlocalizacao,635951168813537865,2016-04-01T14:14:42.4099638Z,f4745fe8-fed0-4385-81ad-ef8f6937eabb,Ilha do Pico,Madalena,174,214,237,198,206,180,233,202,197,218,150,175,227,194,146,182,114,73,87,85,66,90
Crimesregistados20141993porlocalizacao,635951168815256681,2016-04-01T14:14:42.586991Z,b3884860-c0d1-449c-8da2-964a9bf5ee6a,Ilha do Pico,São Roque do Pico,118,135,104,96,153,123,151,177,168,155,140,193,174,129,163,171,99,65,82,85,89,97
Crimesregistados20141993porlocalizacao,635951168817913033,2016-04-01T14:14:42.8940376Z,f6b80826-5b92-4980-bd01-cae76907f13f,Ilha do Faial,Horta,408,442,515,478,571,547,616,639,648,663,700,697,840,909,717,651,513,489,689,642,648,679
Crimesregistados20141993porlocalizacao,635951168822288201,2016-04-01T14:14:43.2860928Z,b15ed084-9b2b-4f5b-8f0c-69be7b99f6a4,Ilha das Flores,Lajes das Flores,54,30,25,38,45,33,48,27,71,65,50,57,40,36,45,24,26,24,10,13,14,19
Crimesregistados20141993porlocalizacao,635951168823694505,2016-04-01T14:14:43.4311165Z,fb2f3eb3-3a1b-43d6-b121-29b7034a221c,Ilha das Flores,Santa Cruz das Flores,102,76,67,102,82,82,81,94,108,104,119,137,122,83,90,88,71,47,45,43,43,65
Crimesregistados20141993porlocalizacao,635951168827132137,2016-04-01T14:14:43.7811659Z,926e497d-08c1-4008-bfc9-f42569d1d62f,Ilha do Corvo,Corvo,6,5,14,9,8,3,..,..,..,..,..,..,..,..,..,..,..,..,..,..,..,..
Crimesregistados20141993porlocalizacao,635951168849789257,2016-04-01T14:14:46.0324972Z,e0c94990-94cd-4002-9cd7-f67e0e267e38,Santa Maria e São Miguel,Lagoa (Açores),..,..,..,..,..,..,..,..,..,..,8,..,..,..,..,33,51,72,96,24,..,..
Crimesregistados20141993porlocalizacao,635951168851039305,2016-04-01T14:14:46.1495151Z,054bcdcd-5f0f-42df-894c-c59d0754bbd8,Santa Maria e São Miguel,Nordeste,..,..,..,..,..,..,..,..,..,..,..,..,..,..,..,..,..,4,..,..,..,..
Crimesregistados20141993porlocalizacao,635951168852289353,2016-04-01T14:14:46.2805343Z,df978d05-72c3-479a-8113-4357fb127f83,Santa Maria e São Miguel,Ponta Delgada,..,..,..,..,..,..,..,..,..,..,51,42,40,29,448,624,626,1036,1039,289,43,22
Crimesregistados20141993porlocalizacao,635951168853539401,2016-04-01T14:14:46.4035588Z,afb3332a-5e68-42a6-aefd-8c229dc03b47,Santa Maria e São Miguel,Povoação,..,..,..,..,..,..,..,..,..,..,..,..,..,..,..,7,21,10,14,4,..,..
Crimesregistados20141993porlocalizacao,635951168854789449,2016-04-01T14:14:46.5295698Z,01c8b0da-eb43-4c19-9cf2-78d9f5be0d4c,Santa Maria e São Miguel,Ribeira Grande,..,..,..,..,..,..,..,..,..,..,..,4,12,4,23,38,10,23,29,8,6,..
Crimesregistados20141993porlocalizacao,635951168856195753,2016-04-01T14:14:46.6635901Z,afa807b2-3561-4314-aab8-7b2081dcab30,Santa Maria e São Miguel,Vila do Porto,..,..,..,..,..,..,..,..,..,..,..,..,..,..,..,..,7,3,..,..,..,..
Crimesregistados20141993porlocalizacao,635951168857289545,2016-04-01T14:14:46.7866096Z,a6ec175a-e9c9-4eaa-a143-5305e8c217c5,Santa Maria e São Miguel,Vila Franca do Campo,..,..,..,..,..,..,..,..,..,..,..,3,3,..,3,17,9,15,10,4,..,..
Crimesregistados20141993porlocalizacao,635951168858539593,2016-04-01T14:14:46.9086257Z,ee00cb71-57f0-404d-a58e-d3b9143b0ad6,Ilhas da Madeira e Porto Santo,Calheta (Madeira),..,..,..,..,..,..,..,..,..,..,7,8,..,5,..,6,4,13,17,22,9,10
Crimesregistados20141993porlocalizacao,635951168859945897,2016-04-01T14:14:47.050647Z,615d91e4-a61a-4d1d-950a-faacce68b412,Ilhas da Madeira e Porto Santo,Câmara de Lobos,..,..,..,..,..,..,..,..,..,..,10,15,6,7,..,27,64,91,93,53,50,53
Crimesregistados20141993porlocalizacao,635951168861352201,2016-04-01T14:14:47.1916677Z,3a4bd494-fbad-42d9-b197-5d6e4b8ebc38,Ilhas da Madeira e Porto Santo,Funchal,..,..,..,..,..,..,..,..,..,..,114,96,83,159,37,491,896,1870,1679,1459,1977,1542
Crimesregistados20141993porlocalizacao,635951168862602249,2016-04-01T14:14:47.3376889Z,3007cd8f-e188-4f65-98e7-0fa5b97f7e6b,Ilhas da Madeira e Porto Santo,Machico,..,..,..,..,..,..,..,..,..,..,8,12,..,4,..,8,15,39,45,36,37,23
Crimesregistados20141993porlocalizacao,635951168864008553,2016-04-01T14:14:47.449704Z,29aad51b-6503-42d1-bd8a-59b2c0cd0fa6,Ilhas da Madeira e Porto Santo,Ponta do Sol,..,..,..,..,..,..,..,..,..,..,5,9,3,3,..,3,5,7,6,3,4,..
Crimesregistados20141993porlocalizacao,635951168865102345,2016-04-01T14:14:47.5677226Z,2f4a10cf-1a7d-460d-8eb2-ed7e022e1e18,Ilhas da Madeira e Porto Santo,Porto Moniz,..,..,..,..,..,..,..,..,..,..,..,..,..,..,..,..,..,3,5,5,4,4
Crimesregistados20141993porlocalizacao,635951168866196137,2016-04-01T14:14:47.6717434Z,ee29d898-4955-4a0c-8ffc-8ad13b80b9db,Ilhas da Madeira e Porto Santo,Porto Santo,..,..,..,..,..,..,..,..,..,..,..,..,..,..,..,3,..,8,9,10,10,10
Crimesregistados20141993porlocalizacao,635951168867446185,2016-04-01T14:14:47.7917565Z,1800371c-2c60-4015-9dc1-6f88ef730089,Ilhas da Madeira e Porto Santo,Ribeira Brava,..,..,..,..,..,..,..,..,..,..,6,6,8,..,8,8,7,22,18,34,13,12
Crimesregistados20141993porlocalizacao,635951168868539977,2016-04-01T14:14:47.8997699Z,643d5e01-e009-4332-bd00-ba5688a40c1a,Ilhas da Madeira e Porto Santo,São Vicente,..,..,..,..,..,..,..,..,..,..,..,..,4,..,..,5,5,10,8,13,16,5
Crimesregistados20141993porlocalizacao,635951168869633769,2016-04-01T14:14:48.0197884Z,c28c4121-a4e8-4a8c-8f0b-23d280308f2b,Ilhas da Madeira e Porto Santo,Santa Cruz,..,..,..,..,..,..,..,..,..,..,17,25,14,18,3,36,35,53,48,27,31,32
Crimesregistados20141993porlocalizacao,635951168871352585,2016-04-01T14:14:48.1828178Z,73dbe8e4-4d61-43b0-8379-9a59a1393bef,Ilhas da Madeira e Porto Santo,Santana,..,..,..,..,..,..,..,..,..,..,..,..,..,3,7,..,13,37,40,33,58,33
